{
  "losses_distributed": [
    [
      1,
      1.826975999581029
    ],
    [
      2,
      0.947386603900764
    ],
    [
      3,
      0.742466552141472
    ],
    [
      4,
      0.6811331909675308
    ],
    [
      5,
      0.5868058374207281
    ],
    [
      6,
      0.6552147613702892
    ],
    [
      7,
      0.6095802059799641
    ],
    [
      8,
      0.6552436769894252
    ],
    [
      9,
      0.5118413603761907
    ],
    [
      10,
      0.5128098261404714
    ],
    [
      11,
      0.5603031693704871
    ],
    [
      12,
      0.5678843119706783
    ],
    [
      13,
      0.5534808224462342
    ],
    [
      14,
      0.5735162760611101
    ],
    [
      15,
      0.5649139095619421
    ],
    [
      16,
      0.5427134363344928
    ],
    [
      17,
      0.5409306281105766
    ],
    [
      18,
      0.4051458053231048
    ],
    [
      19,
      0.55231953128535
    ],
    [
      20,
      0.4388710491918405
    ],
    [
      21,
      0.5369346219507595
    ],
    [
      22,
      0.5134209370221445
    ],
    [
      23,
      0.4979564592344071
    ],
    [
      24,
      0.5084331260416014
    ],
    [
      25,
      0.4797248851984598
    ],
    [
      26,
      0.5084520913832631
    ],
    [
      27,
      0.5059690279389621
    ],
    [
      28,
      0.4866413201431459
    ],
    [
      29,
      0.48342277433396597
    ],
    [
      30,
      0.4557856368831916
    ],
    [
      31,
      0.4588045664541014
    ],
    [
      32,
      0.40289536469122944
    ],
    [
      33,
      0.4810495781622338
    ],
    [
      34,
      0.3709302234372205
    ],
    [
      35,
      0.3701386907696724
    ],
    [
      36,
      0.42695184143972986
    ],
    [
      37,
      0.409553867788796
    ],
    [
      38,
      0.47319389990644767
    ],
    [
      39,
      0.44189216603620834
    ],
    [
      40,
      0.47016792974586297
    ],
    [
      41,
      0.4771675111295225
    ],
    [
      42,
      0.43230904195144887
    ],
    [
      43,
      0.42877096736320275
    ],
    [
      44,
      0.41659417232641804
    ],
    [
      45,
      0.44593994926622677
    ],
    [
      46,
      0.417420368121323
    ],
    [
      47,
      0.44415937623001894
    ],
    [
      48,
      0.4704955503314187
    ],
    [
      49,
      0.4556420531215313
    ],
    [
      50,
      0.43306958790451405
    ]
  ],
  "metrics_distributed": [
    [
      1,
      {
        "val_accuracy": 0.5519052859173077
      }
    ],
    [
      2,
      {
        "val_accuracy": 0.6411772843605175
      }
    ],
    [
      3,
      {
        "val_accuracy": 0.7492913491108437
      }
    ],
    [
      4,
      {
        "val_accuracy": 0.7600377309393703
      }
    ],
    [
      5,
      {
        "val_accuracy": 0.797281918501993
      }
    ],
    [
      6,
      {
        "val_accuracy": 0.735946614997783
      }
    ],
    [
      7,
      {
        "val_accuracy": 0.7622515797311982
      }
    ],
    [
      8,
      {
        "val_accuracy": 0.7440361988014823
      }
    ],
    [
      9,
      {
        "val_accuracy": 0.8037453816822935
      }
    ],
    [
      10,
      {
        "val_accuracy": 0.813021460088247
      }
    ],
    [
      11,
      {
        "val_accuracy": 0.7864981404438807
      }
    ],
    [
      12,
      {
        "val_accuracy": 0.7768136511199204
      }
    ],
    [
      13,
      {
        "val_accuracy": 0.7835935467083008
      }
    ],
    [
      14,
      {
        "val_accuracy": 0.7839859448775668
      }
    ],
    [
      15,
      {
        "val_accuracy": 0.772976589171174
      }
    ],
    [
      16,
      {
        "val_accuracy": 0.8005040704806512
      }
    ],
    [
      17,
      {
        "val_accuracy": 0.7907639121222259
      }
    ],
    [
      18,
      {
        "val_accuracy": 0.8571541780399754
      }
    ],
    [
      19,
      {
        "val_accuracy": 0.7886834151039661
      }
    ],
    [
      20,
      {
        "val_accuracy": 0.8427313143468378
      }
    ],
    [
      21,
      {
        "val_accuracy": 0.7785295806318829
      }
    ],
    [
      22,
      {
        "val_accuracy": 0.7983946142596028
      }
    ],
    [
      23,
      {
        "val_accuracy": 0.8117899850523169
      }
    ],
    [
      24,
      {
        "val_accuracy": 0.7966057592050879
      }
    ],
    [
      25,
      {
        "val_accuracy": 0.8052321608755151
      }
    ],
    [
      26,
      {
        "val_accuracy": 0.8258974577959974
      }
    ],
    [
      27,
      {
        "val_accuracy": 0.7979363448017096
      }
    ],
    [
      28,
      {
        "val_accuracy": 0.8213103911874404
      }
    ],
    [
      29,
      {
        "val_accuracy": 0.8005410269754532
      }
    ],
    [
      30,
      {
        "val_accuracy": 0.8131387051918972
      }
    ],
    [
      31,
      {
        "val_accuracy": 0.814878142329186
      }
    ],
    [
      32,
      {
        "val_accuracy": 0.8554051343762534
      }
    ],
    [
      33,
      {
        "val_accuracy": 0.8176925126565414
      }
    ],
    [
      34,
      {
        "val_accuracy": 0.8575119277065213
      }
    ],
    [
      35,
      {
        "val_accuracy": 0.8613232746758188
      }
    ],
    [
      36,
      {
        "val_accuracy": 0.8480803974706415
      }
    ],
    [
      37,
      {
        "val_accuracy": 0.8368257018933589
      }
    ],
    [
      38,
      {
        "val_accuracy": 0.8169436779554067
      }
    ],
    [
      39,
      {
        "val_accuracy": 0.821573857229595
      }
    ],
    [
      40,
      {
        "val_accuracy": 0.8218222332260461
      }
    ],
    [
      41,
      {
        "val_accuracy": 0.823518470679411
      }
    ],
    [
      42,
      {
        "val_accuracy": 0.8265615150156298
      }
    ],
    [
      43,
      {
        "val_accuracy": 0.8395805328831105
      }
    ],
    [
      44,
      {
        "val_accuracy": 0.8456465635581587
      }
    ],
    [
      45,
      {
        "val_accuracy": 0.8310832069672962
      }
    ],
    [
      46,
      {
        "val_accuracy": 0.8460354633656741
      }
    ],
    [
      47,
      {
        "val_accuracy": 0.8424793498534506
      }
    ],
    [
      48,
      {
        "val_accuracy": 0.8200800743861874
      }
    ],
    [
      49,
      {
        "val_accuracy": 0.8387149602346704
      }
    ],
    [
      50,
      {
        "val_accuracy": 0.8448974154010125
      }
    ]
  ],
  "metrics_distributed_fit": [
    [
      1,
      {
        "train_loss": 3.264291245739877,
        "train_accuracy": 0.4380844184326253
      }
    ],
    [
      2,
      {
        "train_loss": 2.3668252143724744,
        "train_accuracy": 0.603559354196423
      }
    ],
    [
      3,
      {
        "train_loss": 1.900413053929591,
        "train_accuracy": 0.6748539889322576
      }
    ],
    [
      4,
      {
        "train_loss": 1.782827688837309,
        "train_accuracy": 0.682498020025096
      }
    ],
    [
      5,
      {
        "train_loss": 1.5428364638007384,
        "train_accuracy": 0.7231046395769578
      }
    ],
    [
      6,
      {
        "train_loss": 1.6164997694238388,
        "train_accuracy": 0.6946753433099834
      }
    ],
    [
      7,
      {
        "train_loss": 1.495409716445555,
        "train_accuracy": 0.7010315960725562
      }
    ],
    [
      8,
      {
        "train_loss": 1.4689282974381939,
        "train_accuracy": 0.7260662692162233
      }
    ],
    [
      9,
      {
        "train_loss": 1.4630310450197104,
        "train_accuracy": 0.7123558218679896
      }
    ],
    [
      10,
      {
        "train_loss": 1.3367784355223995,
        "train_accuracy": 0.7547859919172906
      }
    ],
    [
      11,
      {
        "train_loss": 1.3720464859779347,