{
  "losses_distributed": [
    [
      1,
      2.1050208172983904
    ],
    [
      2,
      2.1474537830466596
    ],
    [
      3,
      1.4556262320732472
    ],
    [
      4,
      1.4217911683102502
    ],
    [
      5,
      1.648216962275256
    ],
    [
      6,
      1.453609399234281
    ],
    [
      7,
      1.2846984535969426
    ],
    [
      8,
      1.3962212612428324
    ],
    [
      9,
      1.2235663715703777
    ],
    [
      10,
      1.1830049693932523
    ],
    [
      11,
      1.2397339971201213
    ],
    [
      12,
      1.2451007251436543
    ],
    [
      13,
      1.391031750927606
    ],
    [
      14,
      1.3527883030153316
    ],
    [
      15,
      1.3028575036075856
    ],
    [
      16,
      1.312319211587026
    ],
    [
      17,
      1.3964422957017206
    ],
    [
      18,
      1.268840489579671
    ],
    [
      19,
      1.2751196582836988
    ],
    [
      20,
      1.2448731557592172
    ],
    [
      21,
      1.224542135700465
    ],
    [
      22,
      1.3038280083485114
    ],
    [
      23,
      1.305802145239687
    ],
    [
      24,
      1.2374969407539718
    ],
    [
      25,
      0.8586227961421974
    ],
    [
      26,
      1.4597943380469585
    ],
    [
      27,
      1.5039543085425529
    ],
    [
      28,
      1.1025148205963986
    ],
    [
      29,
      1.141281427732598
    ],
    [
      30,
      1.769586250561633
    ],
    [
      31,
      1.4562268625107915
    ],
    [
      32,
      1.1371109514823776
    ],
    [
      33,
      1.3919052424699834
    ],
    [
      34,
      1.1263465518012468
    ],
    [
      35,
      1.344565595928923
    ],
    [
      36,
      1.3477138576529775
    ],
    [
      37,
      1.0506629947530255
    ],
    [
      38,
      1.209768639201046
    ],
    [
      39,
      1.460163594315157
    ],
    [
      40,
      1.4048667631172542
    ],
    [
      41,
      1.1491978145810213
    ],
    [
      42,
      1.3610418100325588
    ],
    [
      43,
      1.7584038355304357
    ],
    [
      44,
      1.1587826776663228
    ],
    [
      45,
      1.4676074671252026
    ],
    [
      46,
      1.1748703992859932
    ],
    [
      47,
      1.4127513992899032
    ],
    [
      48,
      1.396936740763241
    ],
    [
      49,
      1.2404830266618316
    ],
    [
      50,
      1.8017242736008088
    ]
  ],
  "metrics_distributed": [
    [
      1,
      {
        "val_accuracy": 0.35512946444042315,
        "val_loss": 2.0898148664493914
      }
    ],
    [
      2,
      {
        "val_accuracy": 0.33244116117310984,
        "val_loss": 2.09577545936913
      }
    ],
    [
      3,
      {
        "val_accuracy": 0.5621686077748125,
        "val_loss": 1.3351788415695163
      }
    ],
    [
      4,
      {
        "val_accuracy": 0.49186000776680594,
        "val_loss": 1.3454681614785027
      }
    ],
    [
      5,
      {
        "val_accuracy": 0.4630988571668732,
        "val_loss": 1.4840728834745596
      }
    ],
    [
      6,
      {
        "val_accuracy": 0.4942505572319519,
        "val_loss": 1.3196746249612927
      }
    ],
    [
      7,
      {
        "val_accuracy": 0.5157351398476919,
        "val_loss": 1.246659037235683
      }
    ],
    [
      8,
      {
        "val_accuracy": 0.47954047799453026,
        "val_loss": 1.357298698853564
      }
    ],
    [
      9,
      {
        "val_accuracy": 0.5058957308408457,
        "val_loss": 1.122062409916825
      }
    ],
    [
      10,
      {
        "val_accuracy": 0.5326084094520301,
        "val_loss": 1.0813744829326541
      }
    ],
    [
      11,
      {
        "val_accuracy": 0.5469909259243062,
        "val_loss": 1.19929641044709
      }
    ],
    [
      12,
      {
        "val_accuracy": 0.547103543838444,
        "val_loss": 1.162782900138163
      }
    ],
    [
      13,
      {
        "val_accuracy": 0.5381207559329025,
        "val_loss": 1.1869906309320863
      }
    ],
    [
      14,
      {
        "val_accuracy": 0.5264082994535151,
        "val_loss": 1.2197069879525886
      }
    ],
    [
      15,
      {
        "val_accuracy": 0.509774719898324,
        "val_loss": 1.2826145593235156
      }
    ],
    [
      16,
      {
        "val_accuracy": 0.5288792769815964,
        "val_loss": 1.227222852749717
      }
    ],
    [
      17,
      {
        "val_accuracy": 0.5041053065411965,
        "val_loss": 1.3449716564590923
      }
    ],
    [
      18,
      {
        "val_accuracy": 0.525599728096679,
        "val_loss": 1.2740945525509715
      }
    ],
    [
      19,
      {
        "val_accuracy": 0.5149234773350557,
        "val_loss": 1.2386516070144689
      }
    ],
    [
      20,
      {
        "val_accuracy": 0.5435367283135947,
        "val_loss": 1.1969588226864185
      }
    ],
    [
      21,
      {
        "val_accuracy": 0.5481537731623235,
        "val_loss": 1.1780313643731257
      }
    ],
    [
      22,
      {
        "val_accuracy": 0.4937922617473468,
        "val_loss": 1.3124266944216059
      }
    ],
    [
      23,
      {
        "val_accuracy": 0.5352802671700024,
        "val_loss": 1.2188853367500692
      }
    ],
    [
      24,
      {
        "val_accuracy": 0.6249114924481673,
        "val_loss": 1.0317914860232689
      }
    ],
    [
      25,
      {
        "val_accuracy": 0.7191019870392682,
        "val_loss": 0.7728315003994439
      }
    ],
    [
      26,
      {
        "val_accuracy": 0.5961824192112882,
        "val_loss": 1.3252478078655983
      }
    ],
    [
      27,
      {
        "val_accuracy": 0.5841987398258411,
        "val_loss": 1.2125049822648872
      }
    ],
    [
      28,
      {
        "val_accuracy": 0.5873206773141688,
        "val_loss": 1.0510284389550757
      }
    ],
    [
      29,
      {
        "val_accuracy": 0.7028561882539298,
        "val_loss": 1.0153007160082683
      }
    ],
    [
      30,
      {
        "val_accuracy": 0.5803811851500285,
        "val_loss": 1.5621048089942375
      }
    ],
    [
      31,
      {
        "val_accuracy": 0.5536837534280888,
        "val_loss": 1.362456060478659
      }
    ],
    [
      32,
      {
        "val_accuracy": 0.6898618112697552,
        "val_loss": 1.0623136087939975
      }
    ],
    [
      33,
      {
        "val_accuracy": 0.5134906568161055,
        "val_loss": 1.390642069185969
      }
    ],
    [
      34,
      {
        "val_accuracy": 0.636894087700856,
        "val_loss": 1.0381476987283085
      }
    ],
    [
      35,
      {
        "val_accuracy": 0.5562443591403661,
        "val_loss": 1.2969487191571685
      }
    ],
    [
      36,
      {
        "val_accuracy": 0.7121749237190527,
        "val_loss": 1.097472736950977
      }
    ],
    [
      37,
      {
        "val_accuracy": 0.7108784801095389,
        "val_loss": 0.9250912196707594
      }
    ],
    [
      38,
      {
        "val_accuracy": 0.661861615534274,
        "val_loss": 1.0934993781277265
      }
    ],
    [
      39,
      {
        "val_accuracy": 0.6209304011011594,
        "val_loss": 1.2622486385171772
      }
    ],
    [
      40,
      {
        "val_accuracy": 0.7106034490514133,
        "val_loss": 1.0762676146916836
      }
    ],
    [
      41,
      {
        "val_accuracy": 0.6800328359455337,
        "val_loss": 0.9954311271484129
      }
    ],
    [
      42,
      {
        "val_accuracy": 0.6500639745478154,
        "val_loss": 1.0568117469898364
      }
    ],
    [
      43,
      {
        "val_accuracy": 0.6191426785682779,
        "val_loss": 1.3853608977357115
      }
    ],
    [
      44,
      {
        "val_accuracy": 0.7210621105751159,
        "val_loss": 0.9927429801496969
      }
    ],
    [
      45,
      {
        "val_accuracy": 0.6200593657016763,
        "val_loss": 1.1394414392350019
      }
    ],
    [
      46,
      {
        "val_accuracy": 0.7171006177341428,