{
  "losses_distributed": [
    [
      1,
      2.0140900350368054
    ],
    [
      2,
      1.6403669400211345
    ],
    [
      3,
      1.2436082269294957
    ],
    [
      4,
      1.125269731043813
    ],
    [
      5,
      1.0930019996917226
    ],
    [
      6,
      1.035770983437787
    ],
    [
      7,
      0.9618644807279665
    ],
    [
      8,
      0.9642547101141086
    ],
    [
      9,
      0.8914116628054558
    ],
    [
      10,
      0.8805864769375437
    ],
    [
      11,
      0.8611732414815872
    ],
    [
      12,
      0.840191120508392
    ],
    [
      13,
      0.8118660855734119
    ],
    [
      14,
      0.7867989613037435
    ],
    [
      15,
      0.788714115473917
    ],
    [
      16,
      0.7855779553279932
    ],
    [
      17,
      0.7551563260161644
    ],
    [
      18,
      0.7584964231656789
    ],
    [
      19,
      0.7517763467888366
    ],
    [
      20,
      0.7441409199838036
    ],
    [
      21,
      0.7178954210904321
    ],
    [
      22,
      0.6998915146386282
    ],
    [
      23,
      0.6953475528001545
    ],
    [
      24,
      0.6925877042613972
    ],
    [
      25,
      0.7172196321292117
    ],
    [
      26,
      0.6972052300001254
    ],
    [
      27,
      0.7201667120283476
    ],
    [
      28,
      0.6951747562292757
    ],
    [
      29,
      0.691609048266593
    ],
    [
      30,
      0.6797259329989574
    ],
    [
      31,
      0.6670316538687259
    ],
    [
      32,
      0.697064296177883
    ],
    [
      33,
      0.6761901489740253
    ],
    [
      34,
      0.6691058590514822
    ],
    [
      35,
      0.6664503646875005
    ],
    [
      36,
      0.6818276021248957
    ],
    [
      37,
      0.6880984319542816
    ],
    [
      38,
      0.6950345218766661
    ],
    [
      39,
      0.6793726428142716
    ],
    [
      40,
      0.6633988574430594
    ],
    [
      41,
      0.6663181368381201
    ],
    [
      42,
      0.6677488658464183
    ],
    [
      43,
      0.6566367891064919
    ],
    [
      44,
      0.6563018082943269
    ],
    [
      45,
      0.6718876781681503
    ],
    [
      46,
      0.6781056485106502
    ],
    [
      47,
      0.6777963631000605
    ],
    [
      48,
      0.6721603554015215
    ],
    [
      49,
      0.6379421927921459
    ],
    [
      50,
      0.6277443470618614
    ]
  ],
  "metrics_distributed": [
    [
      1,
      {
        "val_accuracy": 0.267642109445759,
        "val_loss": 2.015260262757371
      }
    ],
    [
      2,
      {
        "val_accuracy": 0.3705341571899539,
        "val_loss": 1.64132737547739
      }
    ],
    [
      3,
      {
        "val_accuracy": 0.49318147402960627,
        "val_loss": 1.2443197152929355
      }
    ],
    [
      4,
      {
        "val_accuracy": 0.5539159208588205,
        "val_loss": 1.1260815502821173
      }
    ],
    [
      5,
      {
        "val_accuracy": 0.5209418420171953,
        "val_loss": 1.0937052430551273
      }
    ],
    [
      6,
      {
        "val_accuracy": 0.5688785747507448,
        "val_loss": 1.0361255322428304
      }
    ],
    [
      7,
      {
        "val_accuracy": 0.6111921036470045,
        "val_loss": 0.9628202420033997
      }
    ],
    [
      8,
      {
        "val_accuracy": 0.6230240168130624,
        "val_loss": 0.9645531849483415
      }
    ],
    [
      9,
      {
        "val_accuracy": 0.6416420668348418,
        "val_loss": 0.8922830670163833
      }
    ],
    [
      10,
      {
        "val_accuracy": 0.6347519911997219,
        "val_loss": 0.8814877280922351
      }
    ],
    [
      11,
      {
        "val_accuracy": 0.6448638683230171,
        "val_loss": 0.862525524930293
      }
    ],
    [
      12,
      {
        "val_accuracy": 0.662619424219564,
        "val_loss": 0.8410631499209
      }
    ],
    [
      13,
      {
        "val_accuracy": 0.6920997079633885,
        "val_loss": 0.8128379360638174
      }
    ],
    [
      14,
      {
        "val_accuracy": 0.7047805916146397,
        "val_loss": 0.7882313909000279
      }
    ],
    [
      15,
      {
        "val_accuracy": 0.6790654548210293,
        "val_loss": 0.7902043402962599
      }
    ],
    [
      16,
      {
        "val_accuracy": 0.6855157062557775,
        "val_loss": 0.7867373577018534
      }
    ],
    [
      17,
      {
        "val_accuracy": 0.7154219631670474,
        "val_loss": 0.7562187578194643
      }
    ],
    [
      18,
      {
        "val_accuracy": 0.6987874343203009,
        "val_loss": 0.7594085521908314
      }
    ],
    [
      19,
      {
        "val_accuracy": 0.7153097535050763,
        "val_loss": 0.7528159430279217
      }
    ],
    [
      20,
      {
        "val_accuracy": 0.7207944093157165,
        "val_loss": 0.7454204086839095
      }
    ],
    [
      21,
      {
        "val_accuracy": 0.7107840346598256,
        "val_loss": 0.7196676771131553
      }
    ],
    [
      22,
      {
        "val_accuracy": 0.7388818298714072,
        "val_loss": 0.7019632889655606
      }
    ],
    [
      23,
      {
        "val_accuracy": 0.7355156730130759,
        "val_loss": 0.697265052070824
      }
    ],
    [
      24,
      {
        "val_accuracy": 0.7340431534257517,
        "val_loss": 0.6946178115093544
      }
    ],
    [
      25,
      {
        "val_accuracy": 0.7077949879106853,
        "val_loss": 0.7188926906410311
      }
    ],
    [
      26,
      {
        "val_accuracy": 0.7262188380531022,
        "val_loss": 0.6988653344882728
      }
    ],
    [
      27,
      {
        "val_accuracy": 0.7226415813808735,
        "val_loss": 0.721540324922728
      }
    ],
    [
      28,
      {
        "val_accuracy": 0.7323783757679017,
        "val_loss": 0.6968415510360598
      }
    ],
    [
      29,
      {
        "val_accuracy": 0.7304684595781167,
        "val_loss": 0.6932019651285151
      }
    ],
    [
      30,
      {
        "val_accuracy": 0.7326804260028665,
        "val_loss": 0.6813213171603199
      }
    ],
    [
      31,
      {
        "val_accuracy": 0.7445776714406035,
        "val_loss": 0.6690477061458525
      }
    ],
    [
      32,
      {
        "val_accuracy": 0.7231692827535624,
        "val_loss": 0.6986883151596286
      }
    ],
    [
      33,
      {
        "val_accuracy": 0.7409326976737066,
        "val_loss": 0.6782836321627004
      }
    ],
    [
      34,
      {
        "val_accuracy": 0.7445990952989393,
        "val_loss": 0.6711208802197557
      }
    ],
    [
      35,
      {
        "val_accuracy": 0.743315121633516,
        "val_loss": 0.6683861847309951
      }
    ],
    [
      36,
      {
        "val_accuracy": 0.7318863544869103,
        "val_loss": 0.683793451344438
      }
    ],
    [
      37,
      {
        "val_accuracy": 0.7326207593585006,
        "val_loss": 0.6897207321944956
      }
    ],
    [
      38,
      {
        "val_accuracy": 0.7271607716686423,
        "val_loss": 0.6970197477720469
      }
    ],
    [
      39,
      {
        "val_accuracy": 0.7425377670302644,
        "val_loss": 0.6813827653244867
      }
    ],
    [
      40,
      {
        "val_accuracy": 0.7397652847070665,
        "val_loss": 0.6652658575382215
      }
    ],
    [
      41,
      {
        "val_accuracy": 0.7466040199333176,
        "val_loss": 0.66832665624046
      }
    ],
    [
      42,
      {
        "val_accuracy": 0.7502559686227569,
        "val_loss": 0.6700179688636443
      }
    ],
    [
      43,
      {
        "val_accuracy": 0.7455515075519166,
        "val_loss": 0.658601701501049
      }
    ],
    [
      44,
      {
        "val_accuracy": 0.7533255111464825,
        "val_loss": 0.6585061319542842
      }
    ],
    [
      45,
      {
        "val_accuracy": 0.7431622820207009,
        "val_loss": 0.6738203396353516
      }
    ],
    [
      46,
      {
        "val_accuracy": 0.7468605853459038,