{
  "losses_distributed": [
    [
      1,
      2.0874237939653777
    ],
    [
      2,
      1.5462608104725657
    ],
    [
      3,
      1.257824068610635
    ],
    [
      4,
      1.0450123540529739
    ],
    [
      5,
      0.9686350062418714
    ],
    [
      6,
      1.0234401031019835
    ],
    [
      7,
      0.9052830024656348
    ],
    [
      8,
      0.8872952637145213
    ],
    [
      9,
      0.9071636727611013
    ],
    [
      10,
      0.8535829123980458
    ],
    [
      11,
      0.8725081039063205
    ],
    [
      12,
      0.7646688511764093
    ],
    [
      13,
      0.7734522535303906
    ],
    [
      14,
      0.7949656101598404
    ],
    [
      15,
      0.7917066158213126
    ],
    [
      16,
      0.6979588171943408
    ],
    [
      17,
      0.757308391210943
    ],
    [
      18,
      0.6658199245516273
    ],
    [
      19,
      0.6362284869838642
    ],
    [
      20,
      0.6584451786709379
    ],
    [
      21,
      0.6658270626484926
    ],
    [
      22,
      0.6936152237626387
    ],
    [
      23,
      0.6602734274263033
    ],
    [
      24,
      0.6119044350215896
    ],
    [
      25,
      0.6377325281747616
    ],
    [
      26,
      0.6525769591372805
    ],
    [
      27,
      0.7050072691727902
    ],
    [
      28,
      0.6821094401639322
    ],
    [
      29,
      0.6132154513062286
    ],
    [
      30,
      0.6381274264790783
    ],
    [
      31,
      0.7220034749086351
    ],
    [
      32,
      0.6406165991410415
    ],
    [
      33,
      0.5882058052550068
    ],
    [
      34,
      0.7458991617183702
    ],
    [
      35,
      0.6634839964797451
    ],
    [
      36,
      0.7470681458335028
    ],
    [
      37,
      0.8506538525075839
    ],
    [
      38,
      0.6447799844095431
    ],
    [
      39,
      0.6907258341082951
    ],
    [
      40,
      0.7211595665275072
    ],
    [
      41,
      0.6445278648267804
    ],
    [
      42,
      0.6805696027085237
    ],
    [
      43,
      0.6712623546868494
    ],
    [
      44,
      0.6533853983064537
    ],
    [
      45,
      0.6304406262914757
    ],
    [
      46,
      0.6016540777342415
    ],
    [
      47,
      0.667209966208749
    ],
    [
      48,
      0.6598532635945429
    ],
    [
      49,
      0.6203607581936524
    ],
    [
      50,
      0.7177871214552649
    ]
  ],
  "metrics_distributed": [
    [
      1,
      {
        "val_accuracy": 0.17403025725322047,
        "val_loss": 2.090464484306516
      }
    ],
    [
      2,
      {
        "val_accuracy": 0.3994791561414269,
        "val_loss": 1.552973848297684
      }
    ],
    [
      3,
      {
        "val_accuracy": 0.5004429567035844,
        "val_loss": 1.269923004937853
      }
    ],
    [
      4,
      {
        "val_accuracy": 0.5695865569701148,
        "val_loss": 1.0324777643358392
      }
    ],
    [
      5,
      {
        "val_accuracy": 0.5742053303522536,
        "val_loss": 0.9741434790755376
      }
    ],
    [
      6,
      {
        "val_accuracy": 0.5953459720523135,
        "val_loss": 1.0401224145283987
      }
    ],
    [
      7,
      {
        "val_accuracy": 0.6623078384218715,
        "val_loss": 0.9133517273430248
      }
    ],
    [
      8,
      {
        "val_accuracy": 0.6786793735215592,
        "val_loss": 0.9066347089863998
      }
    ],
    [
      9,
      {
        "val_accuracy": 0.6180466164908455,
        "val_loss": 0.9062223783376883
      }
    ],
    [
      10,
      {
        "val_accuracy": 0.6452366442075566,
        "val_loss": 0.8615333971563105
      }
    ],
    [
      11,
      {
        "val_accuracy": 0.6374373098855234,
        "val_loss": 0.8789310730848969
      }
    ],
    [
      12,
      {
        "val_accuracy": 0.6947085696966242,
        "val_loss": 0.7817181290384259
      }
    ],
    [
      13,
      {
        "val_accuracy": 0.6401224788907786,
        "val_loss": 0.7846168378355067
      }
    ],
    [
      14,
      {
        "val_accuracy": 0.6510751614483681,
        "val_loss": 0.7992031787447115
      }
    ],
    [
      15,
      {
        "val_accuracy": 0.6630018321385648,
        "val_loss": 0.7911817088677309
      }
    ],
    [
      16,
      {
        "val_accuracy": 0.7055163545173645,
        "val_loss": 0.7148341371942932
      }
    ],
    [
      17,
      {
        "val_accuracy": 0.6672560038748191,
        "val_loss": 0.7553889095265425
      }
    ],
    [
      18,
      {
        "val_accuracy": 0.7134566415098783,
        "val_loss": 0.677255768490984
      }
    ],
    [
      19,
      {
        "val_accuracy": 0.7264547933206129,
        "val_loss": 0.6463488172718922
      }
    ],
    [
      20,
      {
        "val_accuracy": 0.7344411135530885,
        "val_loss": 0.6558504260099152
      }
    ],
    [
      21,
      {
        "val_accuracy": 0.7110991052523499,
        "val_loss": 0.6827370857473682
      }
    ],
    [
      22,
      {
        "val_accuracy": 0.7192651133175924,
        "val_loss": 0.6678153428720617
      }
    ],
    [
      23,
      {
        "val_accuracy": 0.7433484831140972,
        "val_loss": 0.6372228775909345
      }
    ],
    [
      24,
      {
        "val_accuracy": 0.7658709812181843,
        "val_loss": 0.6069281841094702
      }
    ],
    [
      25,
      {
        "val_accuracy": 0.750785584461728,
        "val_loss": 0.6325726783267968
      }
    ],
    [
      26,
      {
        "val_accuracy": 0.7228862970594244,
        "val_loss": 0.6628709000707156
      }
    ],
    [
      27,
      {
        "val_accuracy": 0.7159749070520599,
        "val_loss": 0.7412653928867237
      }
    ],
    [
      28,
      {
        "val_accuracy": 0.7135301185845438,
        "val_loss": 0.6862106809707091
      }
    ],
    [
      29,
      {
        "val_accuracy": 0.7564361278289173,
        "val_loss": 0.6058475852887846
      }
    ],
    [
      30,
      {
        "val_accuracy": 0.744308790710672,
        "val_loss": 0.6498331218380193
      }
    ],
    [
      31,
      {
        "val_accuracy": 0.6936992747992831,
        "val_loss": 0.7152284000368555
      }
    ],
    [
      32,
      {
        "val_accuracy": 0.7490332455640047,
        "val_loss": 0.6578497352374306
      }
    ],
    [
      33,
      {
        "val_accuracy": 0.7643163985089748,
        "val_loss": 0.5920797439630293
      }
    ],
    [
      34,
      {
        "val_accuracy": 0.7033360262307289,
        "val_loss": 0.7827377406314341
      }
    ],
    [
      35,
      {
        "val_accuracy": 0.7200903729755721,
        "val_loss": 0.694306607332381
      }
    ],
    [
      36,
      {
        "val_accuracy": 0.7121074741854774,
        "val_loss": 0.7939336242995247
      }
    ],
    [
      37,
      {
        "val_accuracy": 0.6943027042820653,
        "val_loss": 0.9084461434893155
      }
    ],
    [
      38,
      {
        "val_accuracy": 0.7465916994844238,
        "val_loss": 0.6655382053308105
      }
    ],
    [
      39,
      {
        "val_accuracy": 0.7166319437880557,
        "val_loss": 0.725124932123559
      }
    ],
    [
      40,
      {
        "val_accuracy": 0.7032938835463042,
        "val_loss": 0.7492749748935964
      }
    ],
    [
      41,
      {
        "val_accuracy": 0.7514735784766519,
        "val_loss": 0.6351812243593026
      }
    ],
    [
      42,
      {
        "val_accuracy": 0.7273138451471446,
        "val_loss": 0.6901838200496931
      }
    ],
    [
      43,
      {
        "val_accuracy": 0.7325472883300952,
        "val_loss": 0.7067424217171091
      }
    ],
    [
      44,
      {
        "val_accuracy": 0.7413084708498563,
        "val_loss": 0.6608059928144214
      }
    ],
    [
      45,
      {
        "val_accuracy": 0.7562898474832964,
        "val_loss": 0.6511046347187823
      }
    ],
    [
      46,
      {
        "val_accuracy": 0.7774963348639454,