{
  "losses_distributed": [
    [
      1,
      2.0809671519283937
    ],
    [
      2,
      1.5972688686186203
    ],
    [
      3,
      1.2921131865910715
    ],
    [
      4,
      1.1682268877158628
    ],
    [
      5,
      1.225811620654409
    ],
    [
      6,
      1.0499265379231235
    ],
    [
      7,
      1.0471819484841183
    ],
    [
      8,
      0.9841883870707182
    ],
    [
      9,
      0.9804593683537818
    ],
    [
      10,
      0.9502285168234382
    ],
    [
      11,
      0.9923052955314423
    ],
    [
      12,
      0.9849361455318905
    ],
    [
      13,
      0.8387957053760511
    ],
    [
      14,
      0.8375334791368764
    ],
    [
      15,
      0.8809874673957669
    ],
    [
      16,
      0.9122523292585214
    ],
    [
      17,
      0.8414672079482763
    ],
    [
      18,
      0.8355121600345544
    ],
    [
      19,
      0.8072786060325399
    ],
    [
      20,
      0.8517389598071672
    ],
    [
      21,
      0.923388882204288
    ],
    [
      22,
      0.8234417543598371
    ],
    [
      23,
      0.7915306554240885
    ],
    [
      24,
      0.8978710632634763
    ],
    [
      25,
      0.7868304671945332
    ],
    [
      26,
      0.7844094305806447
    ],
    [
      27,
      0.7739305596183604
    ],
    [
      28,
      0.7741953345918205
    ],
    [
      29,
      0.7810684335286676
    ],
    [
      30,
      0.7705710023993159
    ],
    [
      31,
      0.7864306449034439
    ],
    [
      32,
      0.7782296652924482
    ],
    [
      33,
      0.8039158282103673
    ],
    [
      34,
      0.8669614258549144
    ],
    [
      35,
      0.7880801870856669
    ],
    [
      36,
      0.728766113634627
    ],
    [
      37,
      0.7464801251468948
    ],
    [
      38,
      0.7061491341076643
    ],
    [
      39,
      0.7548743103606891
    ],
    [
      40,
      0.8114159101928676
    ],
    [
      41,
      0.7508328539264546
    ],
    [
      42,
      0.7703069463742153
    ],
    [
      43,
      0.7434445411518101
    ],
    [
      44,
      0.7026856551871896
    ],
    [
      45,
      0.7297278433609656
    ],
    [
      46,
      0.7288102949417711
    ],
    [
      47,
      0.7550029694384548
    ],
    [
      48,
      0.7699176503194414
    ],
    [
      49,
      0.7427957469429186
    ],
    [
      50,
      0.7423445325967927
    ]
  ],
  "metrics_distributed": [
    [
      1,
      {
        "val_accuracy": 0.3168825867837713,
        "val_loss": 2.0936467474371874
      }
    ],
    [
      2,
      {
        "val_accuracy": 0.5671528143229164,
        "val_loss": 1.6215655115715026
      }
    ],
    [
      3,
      {
        "val_accuracy": 0.5748435958565985,
        "val_loss": 1.2848853474556319
      }
    ],
    [
      4,
      {
        "val_accuracy": 0.5630703509403484,
        "val_loss": 1.161389057714463
      }
    ],
    [
      5,
      {
        "val_accuracy": 0.5385031895857104,
        "val_loss": 1.22241822538011
      }
    ],
    [
      6,
      {
        "val_accuracy": 0.5654348512473124,
        "val_loss": 1.064951075761336
      }
    ],
    [
      7,
      {
        "val_accuracy": 0.5893659682661904,
        "val_loss": 1.0460085306715858
      }
    ],
    [
      8,
      {
        "val_accuracy": 0.6210164534763966,
        "val_loss": 0.9713383192253463
      }
    ],
    [
      9,
      {
        "val_accuracy": 0.6349741850243247,
        "val_loss": 0.9675614450085648
      }
    ],
    [
      10,
      {
        "val_accuracy": 0.6313897232643583,
        "val_loss": 0.9385409612309173
      }
    ],
    [
      11,
      {
        "val_accuracy": 0.6238632937223137,
        "val_loss": 0.9874059185167825
      }
    ],
    [
      12,
      {
        "val_accuracy": 0.611780655513128,
        "val_loss": 0.9643156715416048
      }
    ],
    [
      13,
      {
        "val_accuracy": 0.6585614939001875,
        "val_loss": 0.8334954594684703
      }
    ],
    [
      14,
      {
        "val_accuracy": 0.6595513218734371,
        "val_loss": 0.8563437540523156
      }
    ],
    [
      15,
      {
        "val_accuracy": 0.6285347401764219,
        "val_loss": 0.8986185227396672
      }
    ],
    [
      16,
      {
        "val_accuracy": 0.6436266182281231,
        "val_loss": 0.9167128034252849
      }
    ],
    [
      17,
      {
        "val_accuracy": 0.645671288623398,
        "val_loss": 0.8501780295174918
      }
    ],
    [
      18,
      {
        "val_accuracy": 0.6891014228656986,
        "val_loss": 0.8437467266684484
      }
    ],
    [
      19,
      {
        "val_accuracy": 0.670959456277767,
        "val_loss": 0.796113268236995
      }
    ],
    [
      20,
      {
        "val_accuracy": 0.6612588083026492,
        "val_loss": 0.8636542432007068
      }
    ],
    [
      21,
      {
        "val_accuracy": 0.6439020982927188,
        "val_loss": 0.930916717872209
      }
    ],
    [
      22,
      {
        "val_accuracy": 0.6534752739165576,
        "val_loss": 0.8354147910441074
      }
    ],
    [
      23,
      {
        "val_accuracy": 0.703259472625328,
        "val_loss": 0.7878668462792667
      }
    ],
    [
      24,
      {
        "val_accuracy": 0.6469238750929128,
        "val_loss": 0.9141669599844979
      }
    ],
    [
      25,
      {
        "val_accuracy": 0.6775871900212136,
        "val_loss": 0.8014304159449104
      }
    ],
    [
      26,
      {
        "val_accuracy": 0.6930857999724631,
        "val_loss": 0.7789091406294412
      }
    ],
    [
      27,
      {
        "val_accuracy": 0.6991719856249812,
        "val_loss": 0.7829147045590805
      }
    ],
    [
      28,
      {
        "val_accuracy": 0.6976498832072467,
        "val_loss": 0.765922785679753
      }
    ],
    [
      29,
      {
        "val_accuracy": 0.6603297436486999,
        "val_loss": 0.794485159704694
      }
    ],
    [
      30,
      {
        "val_accuracy": 0.7049095022492903,
        "val_loss": 0.7742696495260228
      }
    ],
    [
      31,
      {
        "val_accuracy": 0.6574749563605217,
        "val_loss": 0.793299749947441
      }
    ],
    [
      32,
      {
        "val_accuracy": 0.6946349885314111,
        "val_loss": 0.7818604719899332
      }
    ],
    [
      33,
      {
        "val_accuracy": 0.6539853959943495,
        "val_loss": 0.7993736004558721
      }
    ],
    [
      34,
      {
        "val_accuracy": 0.6370605021495248,
        "val_loss": 0.8804307084862207
      }
    ],
    [
      35,
      {
        "val_accuracy": 0.6722419101898301,
        "val_loss": 0.8164189667336037
      }
    ],
    [
      36,
      {
        "val_accuracy": 0.7018790250270447,
        "val_loss": 0.7434080380314521
      }
    ],
    [
      37,
      {
        "val_accuracy": 0.6883894899787334,
        "val_loss": 0.7263067718375551
      }
    ],
    [
      38,
      {
        "val_accuracy": 0.7174648873419126,
        "val_loss": 0.715770389030373
      }
    ],
    [
      39,
      {
        "val_accuracy": 0.6894396077098434,
        "val_loss": 0.7841322431858269
      }
    ],
    [
      40,
      {
        "val_accuracy": 0.6689431945509485,
        "val_loss": 0.830239902933377
      }
    ],
    [
      41,
      {
        "val_accuracy": 0.6760193402436109,
        "val_loss": 0.7754921038970097
      }
    ],
    [
      42,
      {
        "val_accuracy": 0.6876475040413919,
        "val_loss": 0.7949682256561065
      }
    ],
    [
      43,
      {
        "val_accuracy": 0.6952220766560645,
        "val_loss": 0.7496555680381531
      }
    ],
    [
      44,
      {
        "val_accuracy": 0.7117762166150136,
        "val_loss": 0.692471567753387
      }
    ],
    [
      45,
      {
        "val_accuracy": 0.6974358507711842,
        "val_loss": 0.7495763304223633
      }
    ],
    [
      46,
      {
        "val_accuracy": 0.693791670726354,