{
  "losses_distributed": [
    [
      1,
      2.1319544814995135
    ],
    [
      2,
      1.1223289482593255
    ],
    [
      3,
      0.835663116466278
    ],
    [
      4,
      0.7078875809371167
    ],
    [
      5,
      0.6972038861185458
    ],
    [
      6,
      0.6225807672951547
    ],
    [
      7,
      0.634353655444267
    ],
    [
      8,
      0.5963686232815233
    ],
    [
      9,
      0.6350669961916344
    ],
    [
      10,
      0.6833697768313007
    ],
    [
      11,
      0.573855024185315
    ],
    [
      12,
      0.607584016285075
    ],
    [
      13,
      0.6541555528417724
    ],
    [
      14,
      0.5941433024786409
    ],
    [
      15,
      0.5986026189226832
    ],
    [
      16,
      0.5683730231447822
    ],
    [
      17,
      0.6407053657321421
    ],
    [
      18,
      0.5902652387345821
    ],
    [
      19,
      0.6090625787218146
    ],
    [
      20,
      0.6872541964122107
    ],
    [
      21,
      0.7019242043816504
    ],
    [
      22,
      0.5302397649146807
    ],
    [
      23,
      0.6172938548092892
    ],
    [
      24,
      0.6511312462354227
    ],
    [
      25,
      0.5641444895553778
    ],
    [
      26,
      0.6110256577746921
    ],
    [
      27,
      0.6097301195515165
    ],
    [
      28,
      0.5629368142788503
    ],
    [
      29,
      0.6519136469867981
    ],
    [
      30,
      0.5907949677779062
    ],
    [
      31,
      0.6418034594934365
    ],
    [
      32,
      0.5907950798086841
    ],
    [
      33,
      0.5527080581271638
    ],
    [
      34,
      0.6107644166154462
    ],
    [
      35,
      0.6132885215108207
    ],
    [
      36,
      0.6524931195675573
    ],
    [
      37,
      0.5811881298697901
    ],
    [
      38,
      0.734592497544256
    ],
    [
      39,
      0.6593792756234843
    ],
    [
      40,
      0.5566923666244382
    ],
    [
      41,
      0.6069089430945177
    ],
    [
      42,
      0.5434749745605911
    ],
    [
      43,
      0.5784640485904371
    ],
    [
      44,
      0.5966292226672979
    ],
    [
      45,
      0.6425218448718114
    ],
    [
      46,
      0.6215248250319422
    ],
    [
      47,
      0.6533549493212288
    ],
    [
      48,
      0.563804596084252
    ],
    [
      49,
      0.5948925788409648
    ],
    [
      50,
      0.5866957281449556
    ]
  ],
  "metrics_distributed": [
    [
      1,
      {
        "val_accuracy": 0.4975448348299055,
        "val_loss": 2.133347555641538
      }
    ],
    [
      2,
      {
        "val_accuracy": 0.6081591136647151,
        "val_loss": 1.131706287705464
      }
    ],
    [
      3,
      {
        "val_accuracy": 0.6501314964042098,
        "val_loss": 0.8627538147776603
      }
    ],
    [
      4,
      {
        "val_accuracy": 0.7338395725409623,
        "val_loss": 0.7230545704948399
      }
    ],
    [
      5,
      {
        "val_accuracy": 0.7344055598754539,
        "val_loss": 0.7218158383466252
      }
    ],
    [
      6,
      {
        "val_accuracy": 0.7392678371676733,
        "val_loss": 0.6353939411841824
      }
    ],
    [
      7,
      {
        "val_accuracy": 0.7339364595537218,
        "val_loss": 0.6220892617244739
      }
    ],
    [
      8,
      {
        "val_accuracy": 0.7620081407022915,
        "val_loss": 0.5995762928890607
      }
    ],
    [
      9,
      {
        "val_accuracy": 0.745572278248492,
        "val_loss": 0.6620782448883322
      }
    ],
    [
      10,
      {
        "val_accuracy": 0.7305436858065069,
        "val_loss": 0.7140691436815768
      }
    ],
    [
      11,
      {
        "val_accuracy": 0.78124645947,
        "val_loss": 0.5783922498237274
      }
    ],
    [
      12,
      {
        "val_accuracy": 0.7604199169834301,
        "val_loss": 0.636746947970037
      }
    ],
    [
      13,
      {
        "val_accuracy": 0.7289115608367087,
        "val_loss": 0.65122084408085
      }
    ],
    [
      14,
      {
        "val_accuracy": 0.7609114382252339,
        "val_loss": 0.6208026870690003
      }
    ],
    [
      15,
      {
        "val_accuracy": 0.7699329781220658,
        "val_loss": 0.6051157527913784
      }
    ],
    [
      16,
      {
        "val_accuracy": 0.7860954544916718,
        "val_loss": 0.5544654814237737
      }
    ],
    [
      17,
      {
        "val_accuracy": 0.7535650109570937,
        "val_loss": 0.6657145702837711
      }
    ],
    [
      18,
      {
        "val_accuracy": 0.7823313052872376,
        "val_loss": 0.6129847258755561
      }
    ],
    [
      19,
      {
        "val_accuracy": 0.7798950733684645,
        "val_loss": 0.6267284765104522
      }
    ],
    [
      20,
      {
        "val_accuracy": 0.7575272450207873,
        "val_loss": 0.7074498754174103
      }
    ],
    [
      21,
      {
        "val_accuracy": 0.7336206240374317,
        "val_loss": 0.6916343098669233
      }
    ],
    [
      22,
      {
        "val_accuracy": 0.8098996609984921,
        "val_loss": 0.5310315847896834
      }
    ],
    [
      23,
      {
        "val_accuracy": 0.7866856523287057,
        "val_loss": 0.6162833163099917
      }
    ],
    [
      24,
      {
        "val_accuracy": 0.7739247561485993,
        "val_loss": 0.6690889178235905
      }
    ],
    [
      25,
      {
        "val_accuracy": 0.8002589233158522,
        "val_loss": 0.5734771279432174
      }
    ],
    [
      26,
      {
        "val_accuracy": 0.7762415267757568,
        "val_loss": 0.6100602780770009
      }
    ],
    [
      27,
      {
        "val_accuracy": 0.7950091097680894,
        "val_loss": 0.6132364898848645
      }
    ],
    [
      28,
      {
        "val_accuracy": 0.800785680997669,
        "val_loss": 0.5538801111438141
      }
    ],
    [
      29,
      {
        "val_accuracy": 0.7852625991710336,
        "val_loss": 0.6815944865929635
      }
    ],
    [
      30,
      {
        "val_accuracy": 0.800395072224906,
        "val_loss": 0.5943415195700543
      }
    ],
    [
      31,
      {
        "val_accuracy": 0.7926825340203643,
        "val_loss": 0.6552098863719065
      }
    ],
    [
      32,
      {
        "val_accuracy": 0.8021862795154255,
        "val_loss": 0.6137457237932877
      }
    ],
    [
      33,
      {
        "val_accuracy": 0.8147446142847017,
        "val_loss": 0.542555321025085
      }
    ],
    [
      34,
      {
        "val_accuracy": 0.8028926877525884,
        "val_loss": 0.6186115305398523
      }
    ],
    [
      35,
      {
        "val_accuracy": 0.8012551382845405,
        "val_loss": 0.6399586651987292
      }
    ],
    [
      36,
      {
        "val_accuracy": 0.7824548965080913,
        "val_loss": 0.6268729004504048
      }
    ],
    [
      37,
      {
        "val_accuracy": 0.8138804070473421,
        "val_loss": 0.5889915119594487
      }
    ],
    [
      38,
      {
        "val_accuracy": 0.7568229836122635,
        "val_loss": 0.7740550763325875
      }
    ],
    [
      39,
      {
        "val_accuracy": 0.788339803584467,
        "val_loss": 0.6790050929523468
      }
    ],
    [
      40,
      {
        "val_accuracy": 0.8181145668658356,
        "val_loss": 0.5458366605829192
      }
    ],
    [
      41,
      {
        "val_accuracy": 0.8027970776426141,
        "val_loss": 0.6070020673806801
      }
    ],
    [
      42,
      {
        "val_accuracy": 0.8222645848479834,
        "val_loss": 0.5426645268622294
      }
    ],
    [
      43,
      {
        "val_accuracy": 0.8239780253663209,
        "val_loss": 0.568753111919667
      }
    ],
    [
      44,
      {
        "val_accuracy": 0.8199957140483928,
        "val_loss": 0.6109617483362839
      }
    ],
    [
      45,
      {
        "val_accuracy": 0.7948860871808077,
        "val_loss": 0.65941987417335
      }
    ],
    [
      46,
      {
        "val_accuracy": 0.801471254039986,