{
  "losses_distributed": [
    [
      1,
      2.3028164539598923
    ],
    [
      2,
      0.6190756722485106
    ],
    [
      3,
      0.5252220051978305
    ],
    [
      4,
      0.45643383918569924
    ],
    [
      5,
      0.41957060465478596
    ],
    [
      6,
      0.39652765000905715
    ],
    [
      7,
      0.3756200165224628
    ],
    [
      8,
      0.37030705851919593
    ],
    [
      9,
      0.36933164535943575
    ],
    [
      10,
      0.36538561610070996
    ],
    [
      11,
      0.3697741060580774
    ],
    [
      12,
      0.3652090295177221
    ],
    [
      13,
      0.36263948801109075
    ],
    [
      14,
      0.3702092544648624
    ],
    [
      15,
      0.3725398428407739
    ],
    [
      16,
      0.3713813675235885
    ],
    [
      17,
      0.3751466170825556
    ],
    [
      18,
      0.3739419510283035
    ],
    [
      19,
      0.3822954910144641
    ],
    [
      20,
      0.38027959723515853
    ],
    [
      21,
      0.3928442260070048
    ],
    [
      22,
      0.38950752668731364
    ],
    [
      23,
      0.39365334856986534
    ],
    [
      24,
      0.39018388905837836
    ],
    [
      25,
      0.3984171580068887
    ],
    [
      26,
      0.4017892640406203
    ],
    [
      27,
      0.4012824143470401
    ],
    [
      28,
      0.41225628193248165
    ],
    [
      29,
      0.4068640655454997
    ],
    [
      30,
      0.41354851375663965
    ],
    [
      31,
      0.41454700941861766
    ],
    [
      32,
      0.41231985406152044
    ],
    [
      33,
      0.42010548892446403
    ],
    [
      34,
      0.4290212182181701
    ],
    [
      35,
      0.43449208023535874
    ],
    [
      36,
      0.43800641573889143
    ],
    [
      37,
      0.4530929951314896
    ],
    [
      38,
      0.4563165520749229
    ],
    [
      39,
      0.45235467331287393
    ],
    [
      40,
      0.45076806255361485
    ],
    [
      41,
      0.4550739484089973
    ],
    [
      42,
      0.4683127535653563
    ],
    [
      43,
      0.4678208988224382
    ],
    [
      44,
      0.4790357698982488
    ],
    [
      45,
      0.4780570523554813
    ],
    [
      46,
      0.4749053487107526
    ],
    [
      47,
      0.5013625050271904
    ],
    [
      48,
      0.49073964196027625
    ],
    [
      49,
      0.5073629106346892
    ],
    [
      50,
      0.5002430882643398
    ]
  ],
  "metrics_distributed": [
    [
      1,
      {
        "val_loss": 2.3028164539598923,
        "val_accuracy": 0.10137442732194919
      }
    ],
    [
      2,
      {
        "val_loss": 0.6190756722485106,
        "val_accuracy": 0.778259058725531
      }
    ],
    [
      3,
      {
        "val_loss": 0.5252220051978305,
        "val_accuracy": 0.8215743440233236
      }
    ],
    [
      4,
      {
        "val_loss": 0.45643383918569924,
        "val_accuracy": 0.8438150770512286
      }
    ],
    [
      5,
      {
        "val_loss": 0.41957060465478596,
        "val_accuracy": 0.8546438983756768
      }
    ],
    [
      6,
      {
        "val_loss": 0.39652765000905715,
        "val_accuracy": 0.8620574760516452
      }
    ],
    [
      7,
      {
        "val_loss": 0.3756200165224628,
        "val_accuracy": 0.8670553935860058
      }
    ],
    [
      8,
      {
        "val_loss": 0.37030705851919593,
        "val_accuracy": 0.8703040399833403
      }
    ],
    [
      9,
      {
        "val_loss": 0.36933164535943575,
        "val_accuracy": 0.8695543523531861
      }
    ],
    [
      10,
      {
        "val_loss": 0.36538561610070996,
        "val_accuracy": 0.8743023740108288
      }
    ],
    [
      11,
      {
        "val_loss": 0.3697741060580774,
        "val_accuracy": 0.8738858808829655
      }
    ],
    [
      12,
      {
        "val_loss": 0.3652090295177221,
        "val_accuracy": 0.8718867138692211
      }
    ],
    [
      13,
      {
        "val_loss": 0.36263948801109075,
        "val_accuracy": 0.8768846314035819
      }
    ],
    [
      14,
      {
        "val_loss": 0.3702092544648624,
        "val_accuracy": 0.8748854643898376
      }
    ],
    [
      15,
      {
        "val_loss": 0.3725398428407739,
        "val_accuracy": 0.8773844231570179
      }
    ],
    [
      16,
      {
        "val_loss": 0.3713813675235885,
        "val_accuracy": 0.8783007080383174
      }
    ],
    [
      17,
      {
        "val_loss": 0.3751466170825556,
        "val_accuracy": 0.8763848396501458
      }
    ],
    [
      18,
      {
        "val_loss": 0.3739419510283035,
        "val_accuracy": 0.8773844231570179
      }
    ],
    [
      19,
      {
        "val_loss": 0.3822954910144641,
        "val_accuracy": 0.8772178259058726
      }
    ],
    [
      20,
      {
        "val_loss": 0.38027959723515853,
        "val_accuracy": 0.8790503956684714
      }
    ],
    [
      21,
      {
        "val_loss": 0.3928442260070048,
        "val_accuracy": 0.8774677217825906
      }
    ],
    [
      22,
      {
        "val_loss": 0.38950752668731364,
        "val_accuracy": 0.8793002915451895
      }
    ],
    [
      23,
      {
        "val_loss": 0.39365334856986534,
        "val_accuracy": 0.875551853394419
      }
    ],
    [
      24,
      {
        "val_loss": 0.39018388905837836,
        "val_accuracy": 0.87838400666389
      }
    ],
    [
      25,
      {
        "val_loss": 0.3984171580068887,
        "val_accuracy": 0.8752186588921282
      }
    ],
    [
      26,
      {
        "val_loss": 0.4017892640406203,
        "val_accuracy": 0.8748021657642648
      }
    ],
    [
      27,
      {
        "val_loss": 0.4012824143470401,
        "val_accuracy": 0.8763015410245731
      }
    ],
    [
      28,
      {
        "val_loss": 0.41225628193248165,
        "val_accuracy": 0.8733860891295293
      }
    ],
    [
      29,
      {
        "val_loss": 0.4068640655454997,
        "val_accuracy": 0.8766347355268638
      }
    ],
    [
      30,
      {
        "val_loss": 0.41354851375663965,
        "val_accuracy": 0.8740524781341108
      }
    ],
    [
      31,
      {
        "val_loss": 0.41454700941861766,
        "val_accuracy": 0.8748021657642648
      }
    ],
    [
      32,
      {
        "val_loss": 0.41231985406152044,
        "val_accuracy": 0.8752186588921282
      }
    ],
    [
      33,
      {
        "val_loss": 0.42010548892446403,
        "val_accuracy": 0.873219491878384
      }
    ],
    [
      34,
      {
        "val_loss": 0.4290212182181701,
        "val_accuracy": 0.875301957517701
      }
    ],
    [
      35,
      {
        "val_loss": 0.43449208023535874,
        "val_accuracy": 0.8707205331112037
      }
    ],
    [
      36,
      {
        "val_loss": 0.43800641573889143,
        "val_accuracy": 0.8735526863806747
      }
    ],
    [
      37,
      {
        "val_loss": 0.4530929951314896,
        "val_accuracy": 0.8720533111203665
      }
    ],
    [
      38,
      {
        "val_loss": 0.4563165520749229,
        "val_accuracy": 0.8683881715951687
      }
    ],
    [
      39,
      {
        "val_loss": 0.45235467331287393,
        "val_accuracy": 0.868554768846314
      }
    ],
    [
      40,
      {
        "val_loss": 0.45076806255361485,
        "val_accuracy": 0.8702207413577676
      }
    ],
    [
      41,
      {
        "val_loss": 0.4550739484089973,
        "val_accuracy": 0.8718867138692211
      }
    ],
    [
      42,
      {
        "val_loss": 0.4683127535653563,
        "val_accuracy": 0.86780508121616
      }
    ],
    [
      43,
      {
        "val_loss": 0.4678208988224382,
        "val_accuracy": 0.86780508121616
      }
    ],
    [
      44,
      {
        "val_loss": 0.4790357698982488,
        "val_accuracy": 0.868304872969596
      }
    ],
    [
      45,
      {
        "val_loss": 0.4780570523554813,