{
  "losses_distributed": [
    [
      1,
      2.26733394369129
    ],
    [
      2,
      0.5806224777982583
    ],
    [
      3,
      0.49260549809060356
    ],
    [
      4,
      0.4252203147038915
    ],
    [
      5,
      0.4077153157001992
    ],
    [
      6,
      0.38237378446755665
    ],
    [
      7,
      0.37043799987025633
    ],
    [
      8,
      0.3666804148247528
    ],
    [
      9,
      0.35871770876449555
    ],
    [
      10,
      0.3586695949275157
    ],
    [
      11,
      0.365671845253941
    ],
    [
      12,
      0.35912936050202643
    ],
    [
      13,
      0.36181006591537546
    ],
    [
      14,
      0.353729478513122
    ],
    [
      15,
      0.35514445051908333
    ],
    [
      16,
      0.3684623211521635
    ],
    [
      17,
      0.36179261689947056
    ],
    [
      18,
      0.364462555427011
    ],
    [
      19,
      0.3628967789792756
    ],
    [
      20,
      0.3729493422847005
    ],
    [
      21,
      0.3784328265143623
    ],
    [
      22,
      0.3770121090567247
    ],
    [
      23,
      0.3709502163556242
    ],
    [
      24,
      0.3782826147826473
    ],
    [
      25,
      0.3728131174650518
    ],
    [
      26,
      0.3917564918687462
    ],
    [
      27,
      0.386912603477695
    ],
    [
      28,
      0.3825849586826449
    ],
    [
      29,
      0.39071600914685206
    ],
    [
      30,
      0.38759090822164977
    ],
    [
      31,
      0.40800298347222974
    ],
    [
      32,
      0.38981420101541153
    ],
    [
      33,
      0.40531178226513465
    ],
    [
      34,
      0.39150608559279526
    ],
    [
      35,
      0.4027840296731482
    ],
    [
      36,
      0.40844227383872334
    ],
    [
      37,
      0.40672152145098867
    ],
    [
      38,
      0.42153148990167666
    ],
    [
      39,
      0.438256930665587
    ],
    [
      40,
      0.4292730003090902
    ],
    [
      41,
      0.43853451225305407
    ],
    [
      42,
      0.4233300632155921
    ],
    [
      43,
      0.4386559540153312
    ],
    [
      44,
      0.4351169084397187
    ],
    [
      45,
      0.4243464983012112
    ],
    [
      46,
      0.43410666856901103
    ],
    [
      47,
      0.45972005120121484
    ],
    [
      48,
      0.44233365464113467
    ],
    [
      49,
      0.45529977587946874
    ],
    [
      50,
      0.45398277122758574
    ]
  ],
  "metrics_distributed": [
    [
      1,
      {
        "val_loss": 2.26733394369129,
        "val_accuracy": 0.21341107871720116
      }
    ],
    [
      2,
      {
        "val_loss": 0.5806224777982583,
        "val_accuracy": 0.8040816326530612
      }
    ],
    [
      3,
      {
        "val_loss": 0.49260549809060356,
        "val_accuracy": 0.8203248646397334
      }
    ],
    [
      4,
      {
        "val_loss": 0.4252203147038915,
        "val_accuracy": 0.8499791753436068
      }
    ],
    [
      5,
      {
        "val_loss": 0.4077153157001992,
        "val_accuracy": 0.858725531028738
      }
    ],
    [
      6,
      {
        "val_loss": 0.38237378446755665,
        "val_accuracy": 0.8656393169512703
      }
    ],
    [
      7,
      {
        "val_loss": 0.37043799987025633,
        "val_accuracy": 0.8707205331112037
      }
    ],
    [
      8,
      {
        "val_loss": 0.3666804148247528,
        "val_accuracy": 0.870637234485631
      }
    ],
    [
      9,
      {
        "val_loss": 0.35871770876449555,
        "val_accuracy": 0.8753852561432737
      }
    ],
    [
      10,
      {
        "val_loss": 0.3586695949275157,
        "val_accuracy": 0.87371928363182
      }
    ],
    [
      11,
      {
        "val_loss": 0.365671845253941,
        "val_accuracy": 0.8713869221157851
      }
    ],
    [
      12,
      {
        "val_loss": 0.35912936050202643,
        "val_accuracy": 0.8768846314035819
      }
    ],
    [
      13,
      {
        "val_loss": 0.36181006591537546,
        "val_accuracy": 0.8733027905039566
      }
    ],
    [
      14,
      {
        "val_loss": 0.353729478513122,
        "val_accuracy": 0.8757184506455643
      }
    ],
    [
      15,
      {
        "val_loss": 0.35514445051908333,
        "val_accuracy": 0.8764681382757185
      }
    ],
    [
      16,
      {
        "val_loss": 0.3684623211521635,
        "val_accuracy": 0.875551853394419
      }
    ],
    [
      17,
      {
        "val_loss": 0.36179261689947056,
        "val_accuracy": 0.8777176176593087
      }
    ],
    [
      18,
      {
        "val_loss": 0.364462555427011,
        "val_accuracy": 0.8779675135360266
      }
    ],
    [
      19,
      {
        "val_loss": 0.3628967789792756,
        "val_accuracy": 0.8801332778009163
      }
    ],
    [
      20,
      {
        "val_loss": 0.3729493422847005,
        "val_accuracy": 0.8721366097459392
      }
    ],
    [
      21,
      {
        "val_loss": 0.3784328265143623,
        "val_accuracy": 0.87838400666389
      }
    ],
    [
      22,
      {
        "val_loss": 0.3770121090567247,
        "val_accuracy": 0.8735526863806747
      }
    ],
    [
      23,
      {
        "val_loss": 0.3709502163556242,
        "val_accuracy": 0.8763015410245731
      }
    ],
    [
      24,
      {
        "val_loss": 0.3782826147826473,
        "val_accuracy": 0.8768013327780092
      }
    ],
    [
      25,
      {
        "val_loss": 0.3728131174650518,
        "val_accuracy": 0.8738858808829655
      }
    ],
    [
      26,
      {
        "val_loss": 0.3917564918687462,
        "val_accuracy": 0.8704706372344856
      }
    ],
    [
      27,
      {
        "val_loss": 0.386912603477695,
        "val_accuracy": 0.8740524781341108
      }
    ],
    [
      28,
      {
        "val_loss": 0.3825849586826449,
        "val_accuracy": 0.8725531028738026
      }
    ],
    [
      29,
      {
        "val_loss": 0.39071600914685206,
        "val_accuracy": 0.8709704289879217
      }
    ],
    [
      30,
      {
        "val_loss": 0.38759090822164977,
        "val_accuracy": 0.8733027905039566
      }
    ],
    [
      31,
      {
        "val_loss": 0.40800298347222974,
        "val_accuracy": 0.86314035818409
      }
    ],
    [
      32,
      {
        "val_loss": 0.38981420101541153,
        "val_accuracy": 0.8727197001249479
      }
    ],
    [
      33,
      {
        "val_loss": 0.40531178226513465,
        "val_accuracy": 0.8665556018325697
      }
    ],
    [
      34,
      {
        "val_loss": 0.39150608559279526,
        "val_accuracy": 0.8757184506455643
      }
    ],
    [
      35,
      {
        "val_loss": 0.4027840296731482,
        "val_accuracy": 0.8711370262390671
      }
    ],
    [
      36,
      {
        "val_loss": 0.40844227383872334,
        "val_accuracy": 0.8669720949604331
      }
    ],
    [
      37,
      {
        "val_loss": 0.40672152145098867,
        "val_accuracy": 0.8690545605997501
      }
    ],
    [
      38,
      {
        "val_loss": 0.42153148990167666,
        "val_accuracy": 0.8705539358600584
      }
    ],
    [
      39,
      {
        "val_loss": 0.438256930665587,
        "val_accuracy": 0.8531445231153686
      }
    ],
    [
      40,
      {
        "val_loss": 0.4292730003090902,
        "val_accuracy": 0.8622240733027905
      }
    ],
    [
      41,
      {
        "val_loss": 0.43853451225305407,
        "val_accuracy": 0.8608912952936276
      }
    ],
    [
      42,
      {
        "val_loss": 0.4233300632155921,
        "val_accuracy": 0.8679716784673053
      }
    ],
    [
      43,
      {
        "val_loss": 0.4386559540153312,
        "val_accuracy": 0.8550603915035402
      }
    ],
    [
      44,
      {
        "val_loss": 0.4351169084397187,
        "val_accuracy": 0.8634735526863807
      }
    ],
    [
      45,
      {
        "val_loss": 0.4243464983012112,