{
  "losses_distributed": [
    [
      1,
      2.289139443696382
    ],
    [
      2,
      0.8326585073179766
    ],
    [
      3,
      0.5897678152822042
    ],
    [
      4,
      0.5622928096139964
    ],
    [
      5,
      0.5091195711672264
    ],
    [
      6,
      0.48155978516921166
    ],
    [
      7,
      0.472694416592551
    ],
    [
      8,
      0.47187675756636693
    ],
    [
      9,
      0.5014175378062538
    ],
    [
      10,
      0.42708579774039584
    ],
    [
      11,
      0.41498258204933375
    ],
    [
      12,
      0.42513751941114525
    ],
    [
      13,
      0.4297368180585009
    ],
    [
      14,
      0.40195732525950856
    ],
    [
      15,
      0.4206188441175048
    ],
    [
      16,
      0.4198443733105632
    ],
    [
      17,
      0.4218337702987825
    ],
    [
      18,
      0.440476868527535
    ],
    [
      19,
      0.41497841885591646
    ],
    [
      20,
      0.42170205016179824
    ],
    [
      21,
      0.4894278247566585
    ],
    [
      22,
      0.4112777285767551
    ],
    [
      23,
      0.44086607009183404
    ],
    [
      24,
      0.44859959752956224
    ],
    [
      25,
      0.47055365851130443
    ],
    [
      26,
      0.4294355940885166
    ],
    [
      27,
      0.49566318905895884
    ],
    [
      28,
      0.4888177942067911
    ],
    [
      29,
      0.4337287794893861
    ],
    [
      30,
      0.4618895770569932
    ],
    [
      31,
      0.46441898707910767
    ],
    [
      32,
      0.4420391487288271
    ],
    [
      33,
      0.49236561812505975
    ],
    [
      34,
      0.48241070061707614
    ],
    [
      35,
      0.47570889911361847
    ],
    [
      36,
      0.4922483830989565
    ],
    [
      37,
      0.4832138745848502
    ],
    [
      38,
      0.48159703555722266
    ],
    [
      39,
      0.4858912272594438
    ],
    [
      40,
      0.4935568690479478
    ],
    [
      41,
      0.4948768215337403
    ],
    [
      42,
      0.5112032443688965
    ],
    [
      43,
      0.48261413943980597
    ],
    [
      44,
      0.49320733827197677
    ],
    [
      45,
      0.5935564210763276
    ],
    [
      46,
      0.5371574833762885
    ],
    [
      47,
      0.5083373364606011
    ],
    [
      48,
      0.539887043716654
    ],
    [
      49,
      0.5240251960879578
    ],
    [
      50,
      0.5481948903477942
    ]
  ],
  "metrics_distributed": [
    [
      1,
      {
        "val_loss": 2.289139443696382,
        "val_accuracy": 0.1681939353548817
      }
    ],
    [
      2,
      {
        "val_loss": 0.8326585073179766,
        "val_accuracy": 0.6511162945684772
      }
    ],
    [
      3,
      {
        "val_loss": 0.5897678152822042,
        "val_accuracy": 0.7288403865378207
      }
    ],
    [
      4,
      {
        "val_loss": 0.5622928096139964,
        "val_accuracy": 0.7685771409530157
      }
    ],
    [
      5,
      {
        "val_loss": 0.5091195711672264,
        "val_accuracy": 0.8113128957014328
      }
    ],
    [
      6,
      {
        "val_loss": 0.48155978516921166,
        "val_accuracy": 0.8135621459513496
      }
    ],
    [
      7,
      {
        "val_loss": 0.472694416592551,
        "val_accuracy": 0.8126457847384205
      }
    ],
    [
      8,
      {
        "val_loss": 0.47187675756636693,
        "val_accuracy": 0.8078140619793402
      }
    ],
    [
      9,
      {
        "val_loss": 0.5014175378062538,
        "val_accuracy": 0.7741586137954015
      }
    ],
    [
      10,
      {
        "val_loss": 0.42708579774039584,
        "val_accuracy": 0.834055314895035
      }
    ],
    [
      11,
      {
        "val_loss": 0.41498258204933375,
        "val_accuracy": 0.8398033988670444
      }
    ],
    [
      12,
      {
        "val_loss": 0.42513751941114525,
        "val_accuracy": 0.8412195934688437
      }
    ],
    [
      13,
      {
        "val_loss": 0.4297368180585009,
        "val_accuracy": 0.8313895368210596
      }
    ],
    [
      14,
      {
        "val_loss": 0.40195732525950856,
        "val_accuracy": 0.853132289236921
      }
    ],
    [
      15,
      {
        "val_loss": 0.4206188441175048,
        "val_accuracy": 0.8446351216261246
      }
    ],
    [
      16,
      {
        "val_loss": 0.4198443733105632,
        "val_accuracy": 0.8485504831722759
      }
    ],
    [
      17,
      {
        "val_loss": 0.4218337702987825,
        "val_accuracy": 0.8534655114961679
      }
    ],
    [
      18,
      {
        "val_loss": 0.440476868527535,
        "val_accuracy": 0.8308063978673775
      }
    ],
    [
      19,
      {
        "val_loss": 0.41497841885591646,
        "val_accuracy": 0.8581306231256248
      }
    ],
    [
      20,
      {
        "val_loss": 0.42170205016179824,
        "val_accuracy": 0.8532155948017327
      }
    ],
    [
      21,
      {
        "val_loss": 0.4894278247566585,
        "val_accuracy": 0.8343885371542819
      }
    ],
    [
      22,
      {
        "val_loss": 0.4112777285767551,
        "val_accuracy": 0.8598800399866711
      }
    ],
    [
      23,
      {
        "val_loss": 0.44086607009183404,
        "val_accuracy": 0.8363045651449517
      }
    ],
    [
      24,
      {
        "val_loss": 0.44859959752956224,
        "val_accuracy": 0.8343052315894702
      }
    ],
    [
      25,
      {
        "val_loss": 0.47055365851130443,
        "val_accuracy": 0.834638453848717
      }
    ],
    [
      26,
      {
        "val_loss": 0.4294355940885166,
        "val_accuracy": 0.8567977340886371
      }
    ],
    [
      27,
      {
        "val_loss": 0.49566318905895884,
        "val_accuracy": 0.8575474841719427
      }
    ],
    [
      28,
      {
        "val_loss": 0.4888177942067911,
        "val_accuracy": 0.8074808397200933
      }
    ],
    [
      29,
      {
        "val_loss": 0.4337287794893861,
        "val_accuracy": 0.8545484838387204
      }
    ],
    [
      30,
      {
        "val_loss": 0.4618895770569932,
        "val_accuracy": 0.8379706764411863
      }
    ],
    [
      31,
      {
        "val_loss": 0.46441898707910767,
        "val_accuracy": 0.8398033988670444
      }
    ],
    [
      32,
      {
        "val_loss": 0.4420391487288271,
        "val_accuracy": 0.8555481506164612
      }
    ],
    [
      33,
      {
        "val_loss": 0.49236561812505975,
        "val_accuracy": 0.8477174275241586
      }
    ],
    [
      34,
      {
        "val_loss": 0.48241070061707614,
        "val_accuracy": 0.844218593802066
      }
    ],
    [
      35,
      {
        "val_loss": 0.47570889911361847,
        "val_accuracy": 0.8241419526824392
      }
    ],
    [
      36,
      {
        "val_loss": 0.4922483830989565,
        "val_accuracy": 0.8303065644785071
      }
    ],
    [
      37,
      {
        "val_loss": 0.4832138745848502,
        "val_accuracy": 0.8466344551816062
      }
    ],
    [
      38,
      {
        "val_loss": 0.48159703555722266,
        "val_accuracy": 0.8484671776074642
      }
    ],
    [
      39,
      {
        "val_loss": 0.4858912272594438,
        "val_accuracy": 0.8433855381539487
      }
    ],
    [
      40,
      {
        "val_loss": 0.4935568690479478,
        "val_accuracy": 0.8383038987004332
      }
    ],
    [
      41,
      {
        "val_loss": 0.4948768215337403,
        "val_accuracy": 0.8472175941352882
      }
    ],
    [
      42,
      {
        "val_loss": 0.5112032443688965,
        "val_accuracy": 0.8409696767744085
      }
    ],
    [
      43,
      {
        "val_loss": 0.48261413943980597,
        "val_accuracy": 0.852549150283239
      }
    ],
    [
      44,
      {
        "val_loss": 0.49320733827197677,
        "val_accuracy": 0.8280573142285905
      }
    ],
    [
      45,
      {
        "val_loss": 0.5935564210763276,