{
  "losses_distributed": [
    [
      1,
      2.152478305288231
    ],
    [
      2,
      1.4544118454056802
    ],
    [
      3,
      1.471443171365191
    ],
    [
      4,
      1.3675532290165726
    ],
    [
      5,
      1.3433464834218996
    ],
    [
      6,
      1.1477922519807884
    ],
    [
      7,
      1.1151915259065854
    ],
    [
      8,
      0.8924075270986106
    ],
    [
      9,
      0.9604220392892161
    ],
    [
      10,
      1.0523594448436364
    ],
    [
      11,
      0.8256245253665029
    ],
    [
      12,
      1.000693373488511
    ],
    [
      13,
      0.9193949765818457
    ],
    [
      14,
      1.334424556784559
    ],
    [
      15,
      0.9394410239133848
    ],
    [
      16,
      0.899158293187756
    ],
    [
      17,
      1.0224777069842077
    ],
    [
      18,
      0.8487989492237353
    ],
    [
      19,
      1.5418699581248694
    ],
    [
      20,
      0.995421279012655
    ],
    [
      21,
      0.881055995594908
    ],
    [
      22,
      0.8169450111098582
    ],
    [
      23,
      0.8874242120881703
    ],
    [
      24,
      1.4877752562116247
    ],
    [
      25,
      1.0371353655331526
    ],
    [
      26,
      0.9035063846888625
    ],
    [
      27,
      1.2274330633558774
    ],
    [
      28,
      0.7420264484089624
    ],
    [
      29,
      1.6226005073878131
    ],
    [
      30,
      1.9256677766423607
    ],
    [
      31,
      1.0586992327535447
    ],
    [
      32,
      0.7616175470248983
    ],
    [
      33,
      0.7289149408403447
    ],
    [
      34,
      1.8940462444269783
    ],
    [
      35,
      1.0510298667136941
    ],
    [
      36,
      1.0030224024891368
    ],
    [
      37,
      1.7755253248867948
    ],
    [
      38,
      0.9336003163068184
    ],
    [
      39,
      1.4376805172331615
    ],
    [
      40,
      0.94903892627763
    ],
    [
      41,
      1.1207896571998623
    ],
    [
      42,
      1.7921048950868788
    ],
    [
      43,
      1.2814704640230996
    ],
    [
      44,
      0.8270325548319457
    ],
    [
      45,
      0.9097787558264866
    ],
    [
      46,
      0.9666222419456906
    ],
    [
      47,
      1.084995595566758
    ],
    [
      48,
      1.0632906298282727
    ],
    [
      49,
      0.9111980805388628
    ],
    [
      50,
      1.5682545930319103
    ]
  ],
  "metrics_distributed": [
    [
      1,
      {
        "val_accuracy": 0.18264899582372401,
        "val_loss": 2.199492900709493
      }
    ],
    [
      2,
      {
        "val_accuracy": 0.4057763360232613,
        "val_loss": 1.4841410592043767
      }
    ],
    [
      3,
      {
        "val_accuracy": 0.49339529400864,
        "val_loss": 1.2665119685150903
      }
    ],
    [
      4,
      {
        "val_accuracy": 0.5230171338293119,
        "val_loss": 1.2853409938346525
      }
    ],
    [
      5,
      {
        "val_accuracy": 0.5138266753071148,
        "val_loss": 1.2462646934547112
      }
    ],
    [
      6,
      {
        "val_accuracy": 0.5161742387771298,
        "val_loss": 1.1581834981289927
      }
    ],
    [
      7,
      {
        "val_accuracy": 0.633009812449353,
        "val_loss": 1.0667065946458694
      }
    ],
    [
      8,
      {
        "val_accuracy": 0.704540965570309,
        "val_loss": 0.8342164189544368
      }
    ],
    [
      9,
      {
        "val_accuracy": 0.6105889499527238,
        "val_loss": 0.9829776018203378
      }
    ],
    [
      10,
      {
        "val_accuracy": 0.6013283277105599,
        "val_loss": 1.043124844473906
      }
    ],
    [
      11,
      {
        "val_accuracy": 0.7399367582174036,
        "val_loss": 0.7066440305372247
      }
    ],
    [
      12,
      {
        "val_accuracy": 0.6604906793193235,
        "val_loss": 0.9865262922143936
      }
    ],
    [
      13,
      {
        "val_accuracy": 0.6820461789957031,
        "val_loss": 0.8993411691203667
      }
    ],
    [
      14,
      {
        "val_accuracy": 0.6382190708297186,
        "val_loss": 1.2250820547311037
      }
    ],
    [
      15,
      {
        "val_accuracy": 0.7249689666391382,
        "val_loss": 0.867732462135054
      }
    ],
    [
      16,
      {
        "val_accuracy": 0.7412670369185876,
        "val_loss": 0.6996277442984198
      }
    ],
    [
      17,
      {
        "val_accuracy": 0.6685235076091259,
        "val_loss": 0.8261675267506468
      }
    ],
    [
      18,
      {
        "val_accuracy": 0.7299834452661287,
        "val_loss": 0.7913387124974386
      }
    ],
    [
      19,
      {
        "val_accuracy": 0.6653237121671527,
        "val_loss": 1.3420487756422204
      }
    ],
    [
      20,
      {
        "val_accuracy": 0.7104673843697584,
        "val_loss": 0.9078488382832252
      }
    ],
    [
      21,
      {
        "val_accuracy": 0.7644409402757555,
        "val_loss": 0.7659357823816016
      }
    ],
    [
      22,
      {
        "val_accuracy": 0.7798310818991046,
        "val_loss": 0.6692624113177139
      }
    ],
    [
      23,
      {
        "val_accuracy": 0.7517136828105998,
        "val_loss": 0.7839017821808627
      }
    ],
    [
      24,
      {
        "val_accuracy": 0.6819119432429828,
        "val_loss": 1.282755326035973
      }
    ],
    [
      25,
      {
        "val_accuracy": 0.7108954909499803,
        "val_loss": 0.9442654920535481
      }
    ],
    [
      26,
      {
        "val_accuracy": 0.6814750807935839,
        "val_loss": 0.803995667959799
      }
    ],
    [
      27,
      {
        "val_accuracy": 0.6548282999543221,
        "val_loss": 1.1231219371152132
      }
    ],
    [
      28,
      {
        "val_accuracy": 0.7912522945833448,
        "val_loss": 0.6392847041779632
      }
    ],
    [
      29,
      {
        "val_accuracy": 0.5745535965914663,
        "val_loss": 1.5374688097928042
      }
    ],
    [
      30,
      {
        "val_accuracy": 0.5926843353312108,
        "val_loss": 1.7108170589188532
      }
    ],
    [
      31,
      {
        "val_accuracy": 0.6993889031850424,
        "val_loss": 0.9641534798583059
      }
    ],
    [
      32,
      {
        "val_accuracy": 0.7802937547042618,
        "val_loss": 0.6662515023665223
      }
    ],
    [
      33,
      {
        "val_accuracy": 0.8083510998734876,
        "val_loss": 0.6026199681646508
      }
    ],
    [
      34,
      {
        "val_accuracy": 0.5681362787861868,
        "val_loss": 1.7725214290129785
      }
    ],
    [
      35,
      {
        "val_accuracy": 0.7097302812406664,
        "val_loss": 0.9679361991396981
      }
    ],
    [
      36,
      {
        "val_accuracy": 0.7386326176370557,
        "val_loss": 0.910463054914743
      }
    ],
    [
      37,
      {
        "val_accuracy": 0.6728285437009094,
        "val_loss": 1.558750315088298
      }
    ],
    [
      38,
      {
        "val_accuracy": 0.7130047838252198,
        "val_loss": 0.9011895494338857
      }
    ],
    [
      39,
      {
        "val_accuracy": 0.7261064129780468,
        "val_loss": 1.240281059803452
      }
    ],
    [
      40,
      {
        "val_accuracy": 0.7965880450007783,
        "val_loss": 0.7379405289498898
      }
    ],
    [
      41,
      {
        "val_accuracy": 0.6560534198947394,
        "val_loss": 1.0671527657408852
      }
    ],
    [
      42,
      {
        "val_accuracy": 0.6502009957796064,
        "val_loss": 1.5630212412559792
      }
    ],
    [
      43,
      {
        "val_accuracy": 0.6847085714626304,
        "val_loss": 1.0493107124165848
      }
    ],
    [
      44,
      {
        "val_accuracy": 0.7829394106969115,
        "val_loss": 0.7032202721607995
      }
    ],
    [
      45,
      {
        "val_accuracy": 0.7251696206072967,
        "val_loss": 0.7638640805287082
      }
    ],
    [
      46,
      {
        "val_accuracy": 0.7275446482453702,