{
  "losses_distributed": [
    [
      1,
      0.6316323280334473
    ],
    [
      2,
      0.596387505531311
    ],
    [
      3,
      0.5605653524398804
    ]
  ],
  "metrics_distributed": [
    [
      1,
      {
        "num_examples": 1251.0
      }
    ],
    [
      2,
      {
        "num_examples": 1251.0
      }
    ],
    [
      3,
      {
        "num_examples": 1251.0
      }
    ]
  ],
  "metrics_distributed_fit": [
    [
      1,
      {
        "train_loss": 1.2145557798397768,
        "train_accuracy": 0.5636618029182491
      }
    ],
    [
      2,
      {
        "train_loss": 0.8281032091872709,
        "train_accuracy": 0.6917849290425745
      }
    ],
    [
      3,
      {
        "train_loss": 0.7400092723642945,
        "train_accuracy": 0.7261643014191486
      }
    ]
  ],
  "losses_centralized": [],
  "metrics_centralized": []
}