{
  "losses_distributed": [
    [
      1,
      2.185224690189111
    ],
    [
      2,
      2.0559265193977643
    ],
    [
      3,
      1.8095262875243827
    ],
    [
      4,
      1.6468090192367388
    ],
    [
      5,
      1.590676360120901
    ],
    [
      6,
      1.5695430511010273
    ],
    [
      7,
      1.5509299459221946
    ],
    [
      8,
      1.7728036431438063
    ],
    [
      9,
      1.5999300762884334
    ],
    [
      10,
      1.2049458389489938
    ],
    [
      11,
      1.1086876406758492
    ],
    [
      12,
      1.4087913650489556
    ],
    [
      13,
      1.1729209690007387
    ],
    [
      14,
      1.103250906694788
    ],
    [
      15,
      1.2863808793729545
    ],
    [
      16,
      1.6464028090290597
    ],
    [
      17,
      1.2542228470269106
    ],
    [
      18,
      1.1666588347441427
    ],
    [
      19,
      1.48572061288956
    ],
    [
      20,
      1.5456945151180947
    ],
    [
      21,
      1.3101930920954084
    ],
    [
      22,
      1.3498283546698997
    ],
    [
      23,
      1.789376996747513
    ],
    [
      24,
      1.0217463661998052
    ],
    [
      25,
      1.4969686435663192
    ],
    [
      26,
      1.3224748960092287
    ],
    [
      27,
      1.6423210899655412
    ],
    [
      28,
      1.2181739852464946
    ],
    [
      29,
      1.5913182170048907
    ],
    [
      30,
      1.7982050413212407
    ],
    [
      31,
      1.260176240408027
    ],
    [
      32,
      1.3709240856802938
    ],
    [
      33,
      1.1728785291338084
    ],
    [
      34,
      1.332167557885277
    ],
    [
      35,
      1.2710417762751454
    ],
    [
      36,
      1.529695602375895
    ],
    [
      37,
      1.689562677025062
    ],
    [
      38,
      1.4323032263628903
    ],
    [
      39,
      1.6171511569127697
    ],
    [
      40,
      1.264387632527412
    ],
    [
      41,
      1.4541276946532535
    ],
    [
      42,
      1.512936845320836
    ],
    [
      43,
      1.2004101895289048
    ],
    [
      44,
      1.4059655936041828
    ],
    [
      45,
      1.1625615370731996
    ],
    [
      46,
      1.462518489954192
    ],
    [
      47,
      1.5611301499995096
    ],
    [
      48,
      1.4965875839955562
    ],
    [
      49,
      1.1829693714366885
    ],
    [
      50,
      1.2549916515180368
    ]
  ],
  "metrics_distributed": [
    [
      1,
      {
        "val_accuracy": 0.107921068950423,
        "val_loss": 2.2549139758333103
      }
    ],
    [
      2,
      {
        "val_accuracy": 0.31684810844883804,
        "val_loss": 2.026403541622955
      }
    ],
    [
      3,
      {
        "val_accuracy": 0.4120195040617475,
        "val_loss": 1.8675277382414197
      }
    ],
    [
      4,
      {
        "val_accuracy": 0.44673162104028225,
        "val_loss": 1.6904999325659282
      }
    ],
    [
      5,
      {
        "val_accuracy": 0.457059347866104,
        "val_loss": 1.5318873980831664
      }
    ],
    [
      6,
      {
        "val_accuracy": 0.478493247163002,
        "val_loss": 1.5341653070611163
      }
    ],
    [
      7,
      {
        "val_accuracy": 0.5084957852756643,
        "val_loss": 1.5369473544421306
      }
    ],
    [
      8,
      {
        "val_accuracy": 0.46968311695307197,
        "val_loss": 1.7922313713286726
      }
    ],
    [
      9,
      {
        "val_accuracy": 0.4848829963336905,
        "val_loss": 1.5759308338362552
      }
    ],
    [
      10,
      {
        "val_accuracy": 0.5504087033885474,
        "val_loss": 1.0740589989112845
      }
    ],
    [
      11,
      {
        "val_accuracy": 0.5905931702496927,
        "val_loss": 1.0130335344209382
      }
    ],
    [
      12,
      {
        "val_accuracy": 0.4820872541110157,
        "val_loss": 1.3299916160738072
      }
    ],
    [
      13,
      {
        "val_accuracy": 0.5503948190515654,
        "val_loss": 1.0659081726950195
      }
    ],
    [
      14,
      {
        "val_accuracy": 0.6043015886611162,
        "val_loss": 0.9384891989745311
      }
    ],
    [
      15,
      {
        "val_accuracy": 0.5557193596373781,
        "val_loss": 1.2605056595425486
      }
    ],
    [
      16,
      {
        "val_accuracy": 0.5139618038734955,
        "val_loss": 1.7049401353120495
      }
    ],
    [
      17,
      {
        "val_accuracy": 0.5298213954759852,
        "val_loss": 1.1697239274021878
      }
    ],
    [
      18,
      {
        "val_accuracy": 0.6270768236761644,
        "val_loss": 0.9984877903819793
      }
    ],
    [
      19,
      {
        "val_accuracy": 0.4437553364192891,
        "val_loss": 1.37088168813554
      }
    ],
    [
      20,
      {
        "val_accuracy": 0.4893100866686124,
        "val_loss": 1.4141085099729134
      }
    ],
    [
      21,
      {
        "val_accuracy": 0.5122427761593408,
        "val_loss": 1.1808127319715223
      }
    ],
    [
      22,
      {
        "val_accuracy": 0.5294370220404699,
        "val_loss": 1.3657422415242262
      }
    ],
    [
      23,
      {
        "val_accuracy": 0.4737258740678727,
        "val_loss": 1.6779508132565728
      }
    ],
    [
      24,
      {
        "val_accuracy": 0.6335011519686937,
        "val_loss": 0.8942369541839961
      }
    ],
    [
      25,
      {
        "val_accuracy": 0.5097465312569961,
        "val_loss": 1.33503526384342
      }
    ],
    [
      26,
      {
        "val_accuracy": 0.5021868581768316,
        "val_loss": 1.2816706702955887
      }
    ],
    [
      27,
      {
        "val_accuracy": 0.5067303474871878,
        "val_loss": 1.3966549556275614
      }
    ],
    [
      28,
      {
        "val_accuracy": 0.6346484580046322,
        "val_loss": 0.9991433551518597
      }
    ],
    [
      29,
      {
        "val_accuracy": 0.6154110347989799,
        "val_loss": 1.310278643502219
      }
    ],
    [
      30,
      {
        "val_accuracy": 0.5526494747827841,
        "val_loss": 1.5352583148227457
      }
    ],
    [
      31,
      {
        "val_accuracy": 0.5534094900758528,
        "val_loss": 1.1842726818879916
      }
    ],
    [
      32,
      {
        "val_accuracy": 0.6558147484426607,
        "val_loss": 1.1138562471765145
      }
    ],
    [
      33,
      {
        "val_accuracy": 0.5977909803631121,
        "val_loss": 0.9446651894939823
      }
    ],
    [
      34,
      {
        "val_accuracy": 0.5688979994606225,
        "val_loss": 1.1476115684306145
      }
    ],
    [
      35,
      {
        "val_accuracy": 0.5204836475904114,
        "val_loss": 1.284608503313867
      }
    ],
    [
      36,
      {
        "val_accuracy": 0.4454064630471327,
        "val_loss": 1.4317066835678633
      }
    ],
    [
      37,
      {
        "val_accuracy": 0.5055598112101125,
        "val_loss": 1.413375364294047
      }
    ],
    [
      38,
      {
        "val_accuracy": 0.6198457654422881,
        "val_loss": 1.1486332095109486
      }
    ],
    [
      39,
      {
        "val_accuracy": 0.5640760237455227,
        "val_loss": 1.3066500489508217
      }
    ],
    [
      40,
      {
        "val_accuracy": 0.5288924991986849,
        "val_loss": 1.2465686357231491
      }
    ],
    [
      41,
      {
        "val_accuracy": 0.5077996820453234,
        "val_loss": 1.2742081884415861
      }
    ],
    [
      42,
      {
        "val_accuracy": 0.5299376688133276,
        "val_loss": 1.3401940384033941
      }
    ],
    [
      43,
      {
        "val_accuracy": 0.5352245338364918,
        "val_loss": 1.0600923905575599
      }
    ],
    [
      44,
      {
        "val_accuracy": 0.43547818432886587,
        "val_loss": 1.3618784548376492
      }
    ],
    [
      45,
      {
        "val_accuracy": 0.525364021344416,
        "val_loss": 1.1347769221944088
      }
    ],
    [
      46,
      {
        "val_accuracy": 0.4828749370557598,