{
  "losses_distributed": [
    [
      1,
      2.004934432205788
    ],
    [
      2,
      1.4413108852734735
    ],
    [
      3,
      1.1632142309600955
    ],
    [
      4,
      1.0467169659606064
    ],
    [
      5,
      0.9219348395803999
    ],
    [
      6,
      0.8915910473614187
    ],
    [
      7,
      0.8781532549102411
    ],
    [
      8,
      0.8405626803026751
    ],
    [
      9,
      0.7985800835608053
    ],
    [
      10,
      0.7686598045347723
    ],
    [
      11,
      0.7664543060981222
    ],
    [
      12,
      0.7397317411112203
    ],
    [
      13,
      0.722653332858413
    ],
    [
      14,
      0.687709843136784
    ],
    [
      15,
      0.7117998844154354
    ],
    [
      16,
      0.6699235691820417
    ],
    [
      17,
      0.637564946752114
    ],
    [
      18,
      0.6277879270216896
    ],
    [
      19,
      0.6103701016792296
    ],
    [
      20,
      0.6193241221700895
    ],
    [
      21,
      0.5985186489883235
    ],
    [
      22,
      0.6010876523153695
    ],
    [
      23,
      0.6231186803662665
    ],
    [
      24,
      0.5967799423620173
    ],
    [
      25,
      0.6255180027503195
    ],
    [
      26,
      0.5816678466500468
    ],
    [
      27,
      0.5932416270973343
    ],
    [
      28,
      0.6438913627883509
    ],
    [
      29,
      0.6007971931602499
    ],
    [
      30,
      0.581868125241698
    ],
    [
      31,
      0.5698021151639785
    ],
    [
      32,
      0.6149516374294371
    ],
    [
      33,
      0.6264347565441077
    ],
    [
      34,
      0.5939101799098467
    ],
    [
      35,
      0.5823371176160177
    ],
    [
      36,
      0.5848442255562215
    ],
    [
      37,
      0.5919286925127712
    ],
    [
      38,
      0.5776675483910375
    ],
    [
      39,
      0.5790472927643856
    ],
    [
      40,
      0.5901930735892502
    ],
    [
      41,
      0.6025391940840897
    ],
    [
      42,
      0.6034416804802006
    ],
    [
      43,
      0.6050695403368013
    ],
    [
      44,
      0.5775711994785214
    ],
    [
      45,
      0.590138743154945
    ],
    [
      46,
      0.5901793992070018
    ],
    [
      47,
      0.582271474399869
    ],
    [
      48,
      0.5845674900599412
    ],
    [
      49,
      0.618557787330635
    ],
    [
      50,
      0.5963893298206998
    ]
  ],
  "metrics_distributed": [
    [
      1,
      {
        "val_accuracy": 0.27458201789181597,
        "val_loss": 2.006225923788233
      }
    ],
    [
      2,
      {
        "val_accuracy": 0.4298731914738002,
        "val_loss": 1.4426670582325705
      }
    ],
    [
      3,
      {
        "val_accuracy": 0.5373007187939256,
        "val_loss": 1.1644398445097293
      }
    ],
    [
      4,
      {
        "val_accuracy": 0.5787487352299838,
        "val_loss": 1.0467358277063699
      }
    ],
    [
      5,
      {
        "val_accuracy": 0.5911694526953772,
        "val_loss": 0.9227794999921854
      }
    ],
    [
      6,
      {
        "val_accuracy": 0.6098770989233327,
        "val_loss": 0.8921792967883976
      }
    ],
    [
      7,
      {
        "val_accuracy": 0.6281375023116301,
        "val_loss": 0.8785486587354148
      }
    ],
    [
      8,
      {
        "val_accuracy": 0.6432642001573756,
        "val_loss": 0.8409136198748757
      }
    ],
    [
      9,
      {
        "val_accuracy": 0.6650620896754502,
        "val_loss": 0.7992599619637157
      }
    ],
    [
      10,
      {
        "val_accuracy": 0.6969606408068258,
        "val_loss": 0.7695297148162462
      }
    ],
    [
      11,
      {
        "val_accuracy": 0.6918587116347722,
        "val_loss": 0.7670615243555602
      }
    ],
    [
      12,
      {
        "val_accuracy": 0.7172579252370437,
        "val_loss": 0.7407625906770483
      }
    ],
    [
      13,
      {
        "val_accuracy": 0.7123211583137963,
        "val_loss": 0.7234523199132986
      }
    ],
    [
      14,
      {
        "val_accuracy": 0.727671227018371,
        "val_loss": 0.6892250733176444
      }
    ],
    [
      15,
      {
        "val_accuracy": 0.7326151673384425,
        "val_loss": 0.7133144811159295
      }
    ],
    [
      16,
      {
        "val_accuracy": 0.7243192571040706,
        "val_loss": 0.6713837367718691
      }
    ],
    [
      17,
      {
        "val_accuracy": 0.749324898767864,
        "val_loss": 0.6394126912340136
      }
    ],
    [
      18,
      {
        "val_accuracy": 0.7533688175088675,
        "val_loss": 0.6296239081436924
      }
    ],
    [
      19,
      {
        "val_accuracy": 0.757420588871563,
        "val_loss": 0.6123593733131927
      }
    ],
    [
      20,
      {
        "val_accuracy": 0.7604339905979891,
        "val_loss": 0.6211663005621795
      }
    ],
    [
      21,
      {
        "val_accuracy": 0.7624116689126407,
        "val_loss": 0.6004216367941103
      }
    ],
    [
      22,
      {
        "val_accuracy": 0.7698862500260912,
        "val_loss": 0.6033254925425251
      }
    ],
    [
      23,
      {
        "val_accuracy": 0.7551856723113535,
        "val_loss": 0.6246234706542999
      }
    ],
    [
      24,
      {
        "val_accuracy": 0.7638820388237458,
        "val_loss": 0.5986347227312195
      }
    ],
    [
      25,
      {
        "val_accuracy": 0.7603572191702977,
        "val_loss": 0.6271930160785029
      }
    ],
    [
      26,
      {
        "val_accuracy": 0.773544034930244,
        "val_loss": 0.5837443335717878
      }
    ],
    [
      27,
      {
        "val_accuracy": 0.7668967802830513,
        "val_loss": 0.5948281473233715
      }
    ],
    [
      28,
      {
        "val_accuracy": 0.7557490253924941,
        "val_loss": 0.6452195288627394
      }
    ],
    [
      29,
      {
        "val_accuracy": 0.7680258135816377,
        "val_loss": 0.6022367326949022
      }
    ],
    [
      30,
      {
        "val_accuracy": 0.773823714224014,
        "val_loss": 0.5835419874652741
      }
    ],
    [
      31,
      {
        "val_accuracy": 0.7783527340617578,
        "val_loss": 0.5717603438607766
      }
    ],
    [
      32,
      {
        "val_accuracy": 0.7654654063129414,
        "val_loss": 0.6165151092178528
      }
    ],
    [
      33,
      {
        "val_accuracy": 0.7625713426448055,
        "val_loss": 0.6275396033420362
      }
    ],
    [
      34,
      {
        "val_accuracy": 0.7738283033166878,
        "val_loss": 0.5955897008574639
      }
    ],
    [
      35,
      {
        "val_accuracy": 0.7734879461592293,
        "val_loss": 0.5838669711287892
      }
    ],
    [
      36,
      {
        "val_accuracy": 0.7761722641697915,
        "val_loss": 0.5866641990196475
      }
    ],
    [
      37,
      {
        "val_accuracy": 0.7770228175877932,
        "val_loss": 0.5938057522985906
      }
    ],
    [
      38,
      {
        "val_accuracy": 0.7792864936922798,
        "val_loss": 0.5795751444009216
      }
    ],
    [
      39,
      {
        "val_accuracy": 0.7828414347969918,
        "val_loss": 0.5811238026707191
      }
    ],
    [
      40,
      {
        "val_accuracy": 0.775471258032123,
        "val_loss": 0.5918944677767698
      }
    ],
    [
      41,
      {
        "val_accuracy": 0.7718138328662858,
        "val_loss": 0.6038810189672495
      }
    ],
    [
      42,
      {
        "val_accuracy": 0.7716796196358426,
        "val_loss": 0.6048237483270766
      }
    ],
    [
      43,
      {
        "val_accuracy": 0.7752159993662018,
        "val_loss": 0.6070864080635452
      }
    ],
    [
      44,
      {
        "val_accuracy": 0.780154317507783,
        "val_loss": 0.5793353669038614
      }
    ],
    [
      45,
      {
        "val_accuracy": 0.7797119434666785,
        "val_loss": 0.5921670028916631
      }
    ],
    [
      46,
      {
        "val_accuracy": 0.7793695412628114,