{
  "losses_distributed": [
    [
      1,
      2.3870260827309706
    ],
    [
      2,
      1.6176081339812114
    ],
    [
      3,
      2.3894155904109704
    ],
    [
      4,
      1.378619850588439
    ],
    [
      5,
      1.768757091549357
    ],
    [
      6,
      1.352967528902326
    ],
    [
      7,
      1.5878973995986223
    ],
    [
      8,
      1.485792588156333
    ],
    [
      9,
      1.0979974624608944
    ],
    [
      10,
      0.9468360811162813
    ],
    [
      11,
      1.3041955852824392
    ],
    [
      12,
      0.9621484820065451
    ],
    [
      13,
      1.1600956014651445
    ],
    [
      14,
      0.9301018759602113
    ],
    [
      15,
      1.4636924494948669
    ],
    [
      16,
      0.8929968791951023
    ],
    [
      17,
      1.4998844559275628
    ],
    [
      18,
      0.7955598254592375
    ],
    [
      19,
      0.9094639393590573
    ],
    [
      20,
      1.5304622560843233
    ],
    [
      21,
      1.1648681086642063
    ],
    [
      22,
      0.8114325226366829
    ],
    [
      23,
      1.189474595317556
    ],
    [
      24,
      1.2175938154439558
    ],
    [
      25,
      0.7392192456902115
    ],
    [
      26,
      1.4945231321966015
    ],
    [
      27,
      0.7556049870887555
    ],
    [
      28,
      0.9405122078799428
    ],
    [
      29,
      1.0323554038511118
    ],
    [
      30,
      1.0367738511822404
    ],
    [
      31,
      0.8355329559961963
    ],
    [
      32,
      0.9024830334756397
    ],
    [
      33,
      0.6606120415891449
    ],
    [
      34,
      1.0432678689755281
    ],
    [
      35,
      0.7728515409050688
    ],
    [
      36,
      0.7532029598567144
    ],
    [
      37,
      0.7914234421289627
    ],
    [
      38,
      0.7790488294902183
    ],
    [
      39,
      0.8360655877595311
    ],
    [
      40,
      1.323910436870149
    ],
    [
      41,
      0.8052034096578731
    ],
    [
      42,
      0.9330416026732243
    ],
    [
      43,
      1.1681526612815758
    ],
    [
      44,
      0.7725524874117331
    ],
    [
      45,
      0.7843546251643096
    ],
    [
      46,
      1.2337336620316142
    ],
    [
      47,
      0.873046695576429
    ],
    [
      48,
      1.2201349484586381
    ],
    [
      49,
      1.1846452147733326
    ],
    [
      50,
      0.6210747359890931
    ]
  ],
  "metrics_distributed": [
    [
      1,
      {
        "val_accuracy": 0.11234565439285012,
        "val_loss": 2.556748417138367
      }
    ],
    [
      2,
      {
        "val_accuracy": 0.48959959989472024,
        "val_loss": 1.5489818635878965
      }
    ],
    [
      3,
      {
        "val_accuracy": 0.5477107998277007,
        "val_loss": 2.1133468849909454
      }
    ],
    [
      4,
      {
        "val_accuracy": 0.5735097264310308,
        "val_loss": 1.2554744056753049
      }
    ],
    [
      5,
      {
        "val_accuracy": 0.5729139109927361,
        "val_loss": 1.646127181964187
      }
    ],
    [
      6,
      {
        "val_accuracy": 0.5776099297759727,
        "val_loss": 1.249501723049086
      }
    ],
    [
      7,
      {
        "val_accuracy": 0.5753591047709277,
        "val_loss": 1.3578306322538969
      }
    ],
    [
      8,
      {
        "val_accuracy": 0.6085694383609144,
        "val_loss": 1.28613419742238
      }
    ],
    [
      9,
      {
        "val_accuracy": 0.6563407261871471,
        "val_loss": 0.9084821768489432
      }
    ],
    [
      10,
      {
        "val_accuracy": 0.6795095875153522,
        "val_loss": 0.8990092997849738
      }
    ],
    [
      11,
      {
        "val_accuracy": 0.6542696692028528,
        "val_loss": 1.117095638526566
      }
    ],
    [
      12,
      {
        "val_accuracy": 0.6383197000254469,
        "val_loss": 0.8670148578438164
      }
    ],
    [
      13,
      {
        "val_accuracy": 0.6642052966467364,
        "val_loss": 0.9522225640898141
      }
    ],
    [
      14,
      {
        "val_accuracy": 0.6659512779995228,
        "val_loss": 0.8580502632070072
      }
    ],
    [
      15,
      {
        "val_accuracy": 0.5754700784290603,
        "val_loss": 1.3917385013787866
      }
    ],
    [
      16,
      {
        "val_accuracy": 0.6824204992822763,
        "val_loss": 0.8066223605294107
      }
    ],
    [
      17,
      {
        "val_accuracy": 0.5876180414793023,
        "val_loss": 1.3433004096964818
      }
    ],
    [
      18,
      {
        "val_accuracy": 0.7296424351612673,
        "val_loss": 0.6705153386320627
      }
    ],
    [
      19,
      {
        "val_accuracy": 0.6902103981081817,
        "val_loss": 0.8190751876260048
      }
    ],
    [
      20,
      {
        "val_accuracy": 0.5859837163909786,
        "val_loss": 1.418367627584559
      }
    ],
    [
      21,
      {
        "val_accuracy": 0.6393969491017841,
        "val_loss": 1.0603698097727374
      }
    ],
    [
      22,
      {
        "val_accuracy": 0.7414167681914178,
        "val_loss": 0.6769997637562377
      }
    ],
    [
      23,
      {
        "val_accuracy": 0.6469098680969809,
        "val_loss": 1.052489196896444
      }
    ],
    [
      24,
      {
        "val_accuracy": 0.5864201172425059,
        "val_loss": 1.0979076169613358
      }
    ],
    [
      25,
      {
        "val_accuracy": 0.7665730331097522,
        "val_loss": 0.6296841518075577
      }
    ],
    [
      26,
      {
        "val_accuracy": 0.6012094251171225,
        "val_loss": 1.387897348923974
      }
    ],
    [
      27,
      {
        "val_accuracy": 0.7416172031785175,
        "val_loss": 0.6723067955228361
      }
    ],
    [
      28,
      {
        "val_accuracy": 0.7138706844685943,
        "val_loss": 0.8296154103865307
      }
    ],
    [
      29,
      {
        "val_accuracy": 0.6968426051113649,
        "val_loss": 0.8410993195068123
      }
    ],
    [
      30,
      {
        "val_accuracy": 0.6976184938171621,
        "val_loss": 0.9194274816384371
      }
    ],
    [
      31,
      {
        "val_accuracy": 0.7315059463204706,
        "val_loss": 0.7537796553211752
      }
    ],
    [
      32,
      {
        "val_accuracy": 0.7121770093693882,
        "val_loss": 0.8135203110240152
      }
    ],
    [
      33,
      {
        "val_accuracy": 0.7794721913580681,
        "val_loss": 0.5813622843666267
      }
    ],
    [
      34,
      {
        "val_accuracy": 0.7269710211305969,
        "val_loss": 0.8290082235707599
      }
    ],
    [
      35,
      {
        "val_accuracy": 0.7184095459611665,
        "val_loss": 0.6685204742970002
      }
    ],
    [
      36,
      {
        "val_accuracy": 0.752323645370129,
        "val_loss": 0.654789587850235
      }
    ],
    [
      37,
      {
        "val_accuracy": 0.7591459888977322,
        "val_loss": 0.7031173735073896
      }
    ],
    [
      38,
      {
        "val_accuracy": 0.6911446020314358,
        "val_loss": 0.7296936093609818
      }
    ],
    [
      39,
      {
        "val_accuracy": 0.6791555218861853,
        "val_loss": 0.7847225456818715
      }
    ],
    [
      40,
      {
        "val_accuracy": 0.6889131567176751,
        "val_loss": 1.0919835688405215
      }
    ],
    [
      41,
      {
        "val_accuracy": 0.7316035186180303,
        "val_loss": 0.7275220844322668
      }
    ],
    [
      42,
      {
        "val_accuracy": 0.7061735865308106,
        "val_loss": 0.82439143877772
      }
    ],
    [
      43,
      {
        "val_accuracy": 0.6351487292808016,
        "val_loss": 1.061011646320455
      }
    ],
    [
      44,
      {
        "val_accuracy": 0.7557520902763484,
        "val_loss": 0.7008002753962448
      }
    ],
    [
      45,
      {
        "val_accuracy": 0.7447710705320247,
        "val_loss": 0.667026789092896
      }
    ],
    [
      46,
      {
        "val_accuracy": 0.6055125202235708,