{
  "losses_distributed": [
    [
      1,
      0.7064081782954802
    ],
    [
      2,
      0.4837918884754181
    ],
    [
      3,
      0.5499864649472072
    ],
    [
      4,
      0.5504628247496067
    ],
    [
      5,
      0.43006426112605667
    ],
    [
      6,
      0.4243343274633424
    ],
    [
      7,
      0.41909555708311524
    ],
    [
      8,
      0.3550602161884308
    ],
    [
      9,
      0.4599708602414117
    ],
    [
      10,
      0.4151632113623179
    ],
    [
      11,
      0.43126031375972246
    ],
    [
      12,
      0.4164073311172887
    ],
    [
      13,
      0.40387778407261693
    ],
    [
      14,
      0.44737871990630135
    ],
    [
      15,
      0.41983386972882103
    ],
    [
      16,
      0.38506255948390716
    ],
    [
      17,
      0.4450217963964536
    ],
    [
      18,
      0.41409814061570216
    ],
    [
      19,
      0.45932009758910014
    ],
    [
      20,
      0.3920695808704747
    ],
    [
      21,
      0.45841136992349446
    ],
    [
      22,
      0.4235797458512147
    ],
    [
      23,
      0.40266996307704295
    ],
    [
      24,
      0.35926366414570055
    ],
    [
      25,
      0.408161706470508
    ],
    [
      26,
      0.49995105919714156
    ],
    [
      27,
      0.43861952310300056
    ],
    [
      28,
      0.45797446292056365
    ],
    [
      29,
      0.47930895285643016
    ],
    [
      30,
      0.45432108767259943
    ],
    [
      31,
      0.3765783121238402
    ],
    [
      32,
      0.494136827678027
    ],
    [
      33,
      0.39330632736495463
    ],
    [
      34,
      0.4015780186169168
    ],
    [
      35,
      0.488880193198476
    ],
    [
      36,
      0.3877241955555264
    ],
    [
      37,
      0.38786622353983885
    ],
    [
      38,
      0.4823172622256809
    ],
    [
      39,
      0.4453160181906381
    ],
    [
      40,
      0.4538181148594318
    ],
    [
      41,
      0.38349154053396434
    ],
    [
      42,
      0.48392848488789936
    ],
    [
      43,
      0.5187723024986511
    ],
    [
      44,
      0.4936550565958529
    ],
    [
      45,
      0.4761558350197424
    ],
    [
      46,
      0.42835636882261297
    ],
    [
      47,
      0.4300902633625545
    ],
    [
      48,
      0.4819764124515024
    ],
    [
      49,
      0.3823912346959114
    ],
    [
      50,
      0.4119628452630141
    ]
  ],
  "metrics_distributed": [
    [
      1,
      {
        "val_accuracy": 0.6952148949917824
      }
    ],
    [
      2,
      {
        "val_accuracy": 0.8321947192048048
      }
    ],
    [
      3,
      {
        "val_accuracy": 0.8008303667723546
      }
    ],
    [
      4,
      {
        "val_accuracy": 0.816278505935309
      }
    ],
    [
      5,
      {
        "val_accuracy": 0.8517952033564851
      }
    ],
    [
      6,
      {
        "val_accuracy": 0.8546460291292688
      }
    ],
    [
      7,
      {
        "val_accuracy": 0.8599469535106461
      }
    ],
    [
      8,
      {
        "val_accuracy": 0.8768661669715563
      }
    ],
    [
      9,
      {
        "val_accuracy": 0.8401963316972358
      }
    ],
    [
      10,
      {
        "val_accuracy": 0.843649418172815
      }
    ],
    [
      11,
      {
        "val_accuracy": 0.8439383675035708
      }
    ],
    [
      12,
      {
        "val_accuracy": 0.8427318510677572
      }
    ],
    [
      13,
      {
        "val_accuracy": 0.8632452574525745
      }
    ],
    [
      14,
      {
        "val_accuracy": 0.8400052921267838
      }
    ],
    [
      15,
      {
        "val_accuracy": 0.8557435984048145
      }
    ],
    [
      16,
      {
        "val_accuracy": 0.87194838473506
      }
    ],
    [
      17,
      {
        "val_accuracy": 0.8434966037323642
      }
    ],
    [
      18,
      {
        "val_accuracy": 0.8405735337292004
      }
    ],
    [
      19,
      {
        "val_accuracy": 0.8319913267698078
      }
    ],
    [
      20,
      {
        "val_accuracy": 0.8565932965857259
      }
    ],
    [
      21,
      {
        "val_accuracy": 0.8332072643445037
      }
    ],
    [
      22,
      {
        "val_accuracy": 0.8641647770219198
      }
    ],
    [
      23,
      {
        "val_accuracy": 0.8692284718765555
      }
    ],
    [
      24,
      {
        "val_accuracy": 0.8694619184143554
      }
    ],
    [
      25,
      {
        "val_accuracy": 0.8486799667368715
      }
    ],
    [
      26,
      {
        "val_accuracy": 0.8362081969317672
      }
    ],
    [
      27,
      {
        "val_accuracy": 0.8447030993091706
      }
    ],
    [
      28,
      {
        "val_accuracy": 0.8381714039513624
      }
    ],
    [
      29,
      {
        "val_accuracy": 0.8355026618379505
      }
    ],
    [
      30,
      {
        "val_accuracy": 0.8364035539089568
      }
    ],
    [
      31,
      {
        "val_accuracy": 0.8698150369481836
      }
    ],
    [
      32,
      {
        "val_accuracy": 0.830468998691331
      }
    ],
    [
      33,
      {
        "val_accuracy": 0.8419201858244346
      }
    ],
    [
      34,
      {
        "val_accuracy": 0.8531088130319393
      }
    ],
    [
      35,
      {
        "val_accuracy": 0.8260110328650001
      }
    ],
    [
      36,
      {
        "val_accuracy": 0.8613729111529991
      }
    ],
    [
      37,
      {
        "val_accuracy": 0.8604917821231295
      }
    ],
    [
      38,
      {
        "val_accuracy": 0.8222758977008524
      }
    ],
    [
      39,
      {
        "val_accuracy": 0.8421471802150116
      }
    ],
    [
      40,
      {
        "val_accuracy": 0.8430712612914018
      }
    ],
    [
      41,
      {
        "val_accuracy": 0.866090419026934
      }
    ],
    [
      42,
      {
        "val_accuracy": 0.8480816953991435
      }
    ],
    [
      43,
      {
        "val_accuracy": 0.8323143825852811
      }
    ],
    [
      44,
      {
        "val_accuracy": 0.8091534006068202
      }
    ],
    [
      45,
      {
        "val_accuracy": 0.815701554504983
      }
    ],
    [
      46,
      {
        "val_accuracy": 0.8422559493111323
      }
    ],
    [
      47,
      {
        "val_accuracy": 0.8453021649438341
      }
    ],
    [
      48,
      {
        "val_accuracy": 0.8327255884822828
      }
    ],
    [
      49,
      {
        "val_accuracy": 0.8623302196823752
      }
    ],
    [
      50,
      {
        "val_accuracy": 0.8555950008304268
      }
    ]
  ],
  "metrics_distributed_fit": [
    [
      1,
      {
        "train_loss": 1.2145557798397768,
        "train_accuracy": 0.5636618029182491
      }
    ],
    [
      2,
      {
        "train_loss": 0.8151018745356423,
        "train_accuracy": 0.7036851121547053
      }
    ],
    [
      3,
      {
        "train_loss": 0.6701031591061452,
        "train_accuracy": 0.7593967331897589
      }
    ],
    [
      4,
      {
        "train_loss": 0.6335333149688253,
        "train_accuracy": 0.7717081500657644
      }
    ],
    [
      5,
      {
        "train_loss": 0.6380789180267898,
        "train_accuracy": 0.7760532931121166
      }
    ],
    [
      6,
      {
        "train_loss": 0.5773765744264747,
        "train_accuracy": 0.802268803710729
      }
    ],
    [
      7,
      {
        "train_loss": 0.5586926320757389,
        "train_accuracy": 0.8084692772521199
      }
    ],
    [
      8,
      {
        "train_loss": 0.4990661504647407,
        "train_accuracy": 0.8330965173434377
      }
    ],
    [
      9,
      {
        "train_loss": 0.542220552669393,
        "train_accuracy": 0.8123652493480344
      }
    ],
    [
      10,
      {
        "train_loss": 0.594781823070529,
        "train_accuracy": 0.8016475718523166
      }
    ],
    [
      11,
      {
        "train_loss": 0.5371634534186494,