{
  "losses_distributed": [
    [
      1,
      2.2641598300570616
    ],
    [
      2,
      0.6503730484355894
    ],
    [
      3,
      0.5498611229821442
    ],
    [
      4,
      0.45666960242821153
    ],
    [
      5,
      0.44756956652815266
    ],
    [
      6,
      0.40838922599087984
    ],
    [
      7,
      0.40268256268240304
    ],
    [
      8,
      0.40271111181305064
    ],
    [
      9,
      0.3896045853849038
    ],
    [
      10,
      0.38068459664437426
    ],
    [
      11,
      0.3799265471331466
    ],
    [
      12,
      0.37974152356989405
    ],
    [
      13,
      0.38719304449387143
    ],
    [
      14,
      0.3875766518008436
    ],
    [
      15,
      0.3818900718972785
    ],
    [
      16,
      0.39536406771911564
    ],
    [
      17,
      0.37883899389135123
    ],
    [
      18,
      0.37453125635774287
    ],
    [
      19,
      0.3796373657415043
    ],
    [
      20,
      0.39015280997046237
    ],
    [
      21,
      0.4005735143806645
    ],
    [
      22,
      0.3917392250910224
    ],
    [
      23,
      0.40178147683648197
    ],
    [
      24,
      0.3973136223354151
    ],
    [
      25,
      0.4025665259304061
    ],
    [
      26,
      0.4101564576122281
    ],
    [
      27,
      0.4296241929606666
    ],
    [
      28,
      0.420566491031919
    ],
    [
      29,
      0.4209620792564356
    ],
    [
      30,
      0.4256075898721791
    ],
    [
      31,
      0.44092145890366957
    ],
    [
      32,
      0.44124730814787677
    ],
    [
      33,
      0.4415291163881833
    ],
    [
      34,
      0.4409946094098119
    ],
    [
      35,
      0.44631198029709745
    ],
    [
      36,
      0.44287004418970316
    ],
    [
      37,
      0.4413401266692107
    ],
    [
      38,
      0.4489119532186889
    ],
    [
      39,
      0.44874060370102065
    ],
    [
      40,
      0.44587160501283646
    ],
    [
      41,
      0.4540313345201104
    ],
    [
      42,
      0.4751766704027767
    ],
    [
      43,
      0.49875737528283326
    ],
    [
      44,
      0.4720891197342818
    ],
    [
      45,
      0.4818648636712078
    ],
    [
      46,
      0.47686776021427957
    ],
    [
      47,
      0.47366097041260447
    ],
    [
      48,
      0.4922450161529701
    ],
    [
      49,
      0.4981467750984472
    ],
    [
      50,
      0.48406862919084526
    ]
  ],
  "metrics_distributed": [
    [
      1,
      {
        "val_loss": 2.2641598300570616,
        "val_accuracy": 0.1742039979534064
      }
    ],
    [
      2,
      {
        "val_loss": 0.6503730484355894,
        "val_accuracy": 0.7543999194372166
      }
    ],
    [
      3,
      {
        "val_loss": 0.5498611229821442,
        "val_accuracy": 0.8072972632826175
      }
    ],
    [
      4,
      {
        "val_loss": 0.45666960242821153,
        "val_accuracy": 0.8342010596392262
      }
    ],
    [
      5,
      {
        "val_loss": 0.44756956652815266,
        "val_accuracy": 0.8436782530526225
      }
    ],
    [
      6,
      {
        "val_loss": 0.40838922599087984,
        "val_accuracy": 0.8548300693356028
      }
    ],
    [
      7,
      {
        "val_loss": 0.40268256268240304,
        "val_accuracy": 0.8604379861745943
      }
    ],
    [
      8,
      {
        "val_loss": 0.40271111181305064,
        "val_accuracy": 0.8612667131126598
      }
    ],
    [
      9,
      {
        "val_loss": 0.3896045853849038,
        "val_accuracy": 0.865321500620538
      }
    ],
    [
      10,
      {
        "val_loss": 0.38068459664437426,
        "val_accuracy": 0.8700349790882662
      }
    ],
    [
      11,
      {
        "val_loss": 0.3799265471331466,
        "val_accuracy": 0.8675474016422046
      }
    ],
    [
      12,
      {
        "val_loss": 0.37974152356989405,
        "val_accuracy": 0.8701988702894041
      }
    ],
    [
      13,
      {
        "val_loss": 0.38719304449387143,
        "val_accuracy": 0.8753132116453063
      }
    ],
    [
      14,
      {
        "val_loss": 0.3875766518008436,
        "val_accuracy": 0.8684214013808415
      }
    ],
    [
      15,
      {
        "val_loss": 0.3818900718972785,
        "val_accuracy": 0.8745421556880218
      }
    ],
    [
      16,
      {
        "val_loss": 0.39536406771911564,
        "val_accuracy": 0.8669160445278523
      }
    ],
    [
      17,
      {
        "val_loss": 0.37883899389135123,
        "val_accuracy": 0.8675370790108724
      }
    ],
    [
      18,
      {
        "val_loss": 0.37453125635774287,
        "val_accuracy": 0.8759893487596303
      }
    ],
    [
      19,
      {
        "val_loss": 0.3796373657415043,
        "val_accuracy": 0.8712717146142787
      }
    ],
    [
      20,
      {
        "val_loss": 0.39015280997046237,
        "val_accuracy": 0.8702154431992888
      }
    ],
    [
      21,
      {
        "val_loss": 0.4005735143806645,
        "val_accuracy": 0.8686248710416458
      }
    ],
    [
      22,
      {
        "val_loss": 0.3917392250910224,
        "val_accuracy": 0.8698944524783435
      }
    ],
    [
      23,
      {
        "val_loss": 0.40178147683648197,
        "val_accuracy": 0.8670123406104959
      }
    ],
    [
      24,
      {
        "val_loss": 0.3973136223354151,
        "val_accuracy": 0.8722343865170485
      }
    ],
    [
      25,
      {
        "val_loss": 0.4025665259304061,
        "val_accuracy": 0.8680524700982177
      }
    ],
    [
      26,
      {
        "val_loss": 0.4101564576122281,
        "val_accuracy": 0.8630328066974139
      }
    ],
    [
      27,
      {
        "val_loss": 0.4296241929606666,
        "val_accuracy": 0.8692710532998239
      }
    ],
    [
      28,
      {
        "val_loss": 0.420566491031919,
        "val_accuracy": 0.8731185606144514
      }
    ],
    [
      29,
      {
        "val_loss": 0.4209620792564356,
        "val_accuracy": 0.866878341432322
      }
    ],
    [
      30,
      {
        "val_loss": 0.4256075898721791,
        "val_accuracy": 0.8699426679530273
      }
    ],
    [
      31,
      {
        "val_loss": 0.44092145890366957,
        "val_accuracy": 0.8656808626684059
      }
    ],
    [
      32,
      {
        "val_loss": 0.44124730814787677,
        "val_accuracy": 0.8650110750790828
      }
    ],
    [
      33,
      {
        "val_loss": 0.4415291163881833,
        "val_accuracy": 0.8628900392411314
      }
    ],
    [
      34,
      {
        "val_loss": 0.4409946094098119,
        "val_accuracy": 0.8619673148648589
      }
    ],
    [
      35,
      {
        "val_loss": 0.44631198029709745,
        "val_accuracy": 0.8679807927027288
      }
    ],
    [
      36,
      {
        "val_loss": 0.44287004418970316,
        "val_accuracy": 0.8678586433152808
      }
    ],
    [
      37,
      {
        "val_loss": 0.4413401266692107,
        "val_accuracy": 0.865681750571864
      }
    ],
    [
      38,
      {
        "val_loss": 0.4489119532186889,
        "val_accuracy": 0.8682809362179397
      }
    ],
    [
      39,
      {
        "val_loss": 0.44874060370102065,
        "val_accuracy": 0.862479841171709
      }
    ],
    [
      40,
      {
        "val_loss": 0.44587160501283646,
        "val_accuracy": 0.8695256177089616
      }
    ],
    [
      41,
      {
        "val_loss": 0.4540313345201104,
        "val_accuracy": 0.8610474448993128
      }
    ],
    [
      42,
      {
        "val_loss": 0.4751766704027767,
        "val_accuracy": 0.8603891452079078
      }
    ],
    [
      43,
      {
        "val_loss": 0.49875737528283326,
        "val_accuracy": 0.8601343203604767
      }
    ],
    [
      44,
      {
        "val_loss": 0.4720891197342818,
        "val_accuracy": 0.8577961944801762
      }
    ],
    [
      45,
      {
        "val_loss": 0.4818648636712078,