{
  "losses_distributed": [
    [
      1,
      2.3009682698970058
    ],
    [
      2,
      0.8273658664860912
    ],
    [
      3,
      0.6488893490369385
    ],
    [
      4,
      0.541306742175436
    ],
    [
      5,
      0.497374864430739
    ],
    [
      6,
      0.4686440262138965
    ],
    [
      7,
      0.4857283181536338
    ],
    [
      8,
      0.4480880852113698
    ],
    [
      9,
      0.4276053987753446
    ],
    [
      10,
      0.4128854663615942
    ],
    [
      11,
      0.4975574758329645
    ],
    [
      12,
      0.49585685717700756
    ],
    [
      13,
      0.4623344946885212
    ],
    [
      14,
      0.4356749353788657
    ],
    [
      15,
      0.4358256106476519
    ],
    [
      16,
      0.4537846524517424
    ],
    [
      17,
      0.41585654617892337
    ],
    [
      18,
      0.4496411205035208
    ],
    [
      19,
      0.4697584526799396
    ],
    [
      20,
      0.45090635042209165
    ],
    [
      21,
      0.4600306062286748
    ],
    [
      22,
      0.4349488685942395
    ],
    [
      23,
      0.44419291539098626
    ],
    [
      24,
      0.43112676929174565
    ],
    [
      25,
      0.4350340694945309
    ],
    [
      26,
      0.43830059201501637
    ],
    [
      27,
      0.4612306070683158
    ],
    [
      28,
      0.45788870420787503
    ],
    [
      29,
      0.49352576964432304
    ],
    [
      30,
      0.4987518688587323
    ],
    [
      31,
      0.4549382926935483
    ],
    [
      32,
      0.4743198918621501
    ],
    [
      33,
      0.47681247835136104
    ],
    [
      34,
      0.49095081692008274
    ],
    [
      35,
      0.46140399309129104
    ],
    [
      36,
      0.49508361317773636
    ],
    [
      37,
      0.5223843077729902
    ],
    [
      38,
      0.4931233481242841
    ],
    [
      39,
      0.4765681366424792
    ],
    [
      40,
      0.4680215316858615
    ],
    [
      41,
      0.5244975068589863
    ],
    [
      42,
      0.47098106407055096
    ],
    [
      43,
      0.4861066995845118
    ],
    [
      44,
      0.4928941724421648
    ],
    [
      45,
      0.5358183503917279
    ],
    [
      46,
      0.5387812200582056
    ],
    [
      47,
      0.4888914926511029
    ],
    [
      48,
      0.5600336287341517
    ],
    [
      49,
      0.533077375286452
    ],
    [
      50,
      0.5319804720431629
    ]
  ],
  "metrics_distributed": [
    [
      1,
      {
        "val_loss": 2.3009682698970058,
        "val_accuracy": 0.10142389891687145
      }
    ],
    [
      2,
      {
        "val_loss": 0.8273658664860912,
        "val_accuracy": 0.7181687711224451
      }
    ],
    [
      3,
      {
        "val_loss": 0.6488893490369385,
        "val_accuracy": 0.7124523194695731
      }
    ],
    [
      4,
      {
        "val_loss": 0.541306742175436,
        "val_accuracy": 0.7865175219308926
      }
    ],
    [
      5,
      {
        "val_loss": 0.497374864430739,
        "val_accuracy": 0.779881471113056
      }
    ],
    [
      6,
      {
        "val_loss": 0.4686440262138965,
        "val_accuracy": 0.8134267121260563
      }
    ],
    [
      7,
      {
        "val_loss": 0.4857283181536338,
        "val_accuracy": 0.7992219536537213
      }
    ],
    [
      8,
      {
        "val_loss": 0.4480880852113698,
        "val_accuracy": 0.8347222337453246
      }
    ],
    [
      9,
      {
        "val_loss": 0.4276053987753446,
        "val_accuracy": 0.8503417247224127
      }
    ],
    [
      10,
      {
        "val_loss": 0.4128854663615942,
        "val_accuracy": 0.8569339663639453
      }
    ],
    [
      11,
      {
        "val_loss": 0.4975574758329645,
        "val_accuracy": 0.7876843642365439
      }
    ],
    [
      12,
      {
        "val_loss": 0.49585685717700756,
        "val_accuracy": 0.7995034017531124
      }
    ],
    [
      13,
      {
        "val_loss": 0.4623344946885212,
        "val_accuracy": 0.8256304847071243
      }
    ],
    [
      14,
      {
        "val_loss": 0.4356749353788657,
        "val_accuracy": 0.8304546749089259
      }
    ],
    [
      15,
      {
        "val_loss": 0.4358256106476519,
        "val_accuracy": 0.8427021886506519
      }
    ],
    [
      16,
      {
        "val_loss": 0.4537846524517424,
        "val_accuracy": 0.8168434833764762
      }
    ],
    [
      17,
      {
        "val_loss": 0.41585654617892337,
        "val_accuracy": 0.8588525185295633
      }
    ],
    [
      18,
      {
        "val_loss": 0.4496411205035208,
        "val_accuracy": 0.8347723849705128
      }
    ],
    [
      19,
      {
        "val_loss": 0.4697584526799396,
        "val_accuracy": 0.8248148420410519
      }
    ],
    [
      20,
      {
        "val_loss": 0.45090635042209165,
        "val_accuracy": 0.8353567677490508
      }
    ],
    [
      21,
      {
        "val_loss": 0.4600306062286748,
        "val_accuracy": 0.8485235693552937
      }
    ],
    [
      22,
      {
        "val_loss": 0.4349488685942395,
        "val_accuracy": 0.848874017766273
      }
    ],
    [
      23,
      {
        "val_loss": 0.44419291539098626,
        "val_accuracy": 0.8471962509134787
      }
    ],
    [
      24,
      {
        "val_loss": 0.43112676929174565,
        "val_accuracy": 0.8497778775903926
      }
    ],
    [
      25,
      {
        "val_loss": 0.4350340694945309,
        "val_accuracy": 0.8470969959543723
      }
    ],
    [
      26,
      {
        "val_loss": 0.43830059201501637,
        "val_accuracy": 0.851834793743629
      }
    ],
    [
      27,
      {
        "val_loss": 0.4612306070683158,
        "val_accuracy": 0.8264531180560487
      }
    ],
    [
      28,
      {
        "val_loss": 0.45788870420787503,
        "val_accuracy": 0.8333761463897307
      }
    ],
    [
      29,
      {
        "val_loss": 0.49352576964432304,
        "val_accuracy": 0.8044145028246822
      }
    ],
    [
      30,
      {
        "val_loss": 0.4987518688587323,
        "val_accuracy": 0.8151028173304535
      }
    ],
    [
      31,
      {
        "val_loss": 0.4549382926935483,
        "val_accuracy": 0.8483902214884725
      }
    ],
    [
      32,
      {
        "val_loss": 0.4743198918621501,
        "val_accuracy": 0.8437832560351002
      }
    ],
    [
      33,
      {
        "val_loss": 0.47681247835136104,
        "val_accuracy": 0.8354419329453808
      }
    ],
    [
      34,
      {
        "val_loss": 0.49095081692008274,
        "val_accuracy": 0.8240120008148318
      }
    ],
    [
      35,
      {
        "val_loss": 0.46140399309129104,
        "val_accuracy": 0.8395500062211736
      }
    ],
    [
      36,
      {
        "val_loss": 0.49508361317773636,
        "val_accuracy": 0.8405595176011447
      }
    ],
    [
      37,
      {
        "val_loss": 0.5223843077729902,
        "val_accuracy": 0.796958927509692
      }
    ],
    [
      38,
      {
        "val_loss": 0.4931233481242841,
        "val_accuracy": 0.822655143375289
      }
    ],
    [
      39,
      {
        "val_loss": 0.4765681366424792,
        "val_accuracy": 0.8274323798274444
      }
    ],
    [
      40,
      {
        "val_loss": 0.4680215316858615,
        "val_accuracy": 0.8524217846085325
      }
    ],
    [
      41,
      {
        "val_loss": 0.5244975068589863,
        "val_accuracy": 0.8176858632210721
      }
    ],
    [
      42,
      {
        "val_loss": 0.47098106407055096,
        "val_accuracy": 0.8450201290783463
      }
    ],
    [
      43,
      {
        "val_loss": 0.4861066995845118,
        "val_accuracy": 0.8384760357548856
      }
    ],
    [
      44,
      {
        "val_loss": 0.4928941724421648,
        "val_accuracy": 0.8242235546000863
      }
    ],
    [
      45,
      {
        "val_loss": 0.5358183503917279,