{
  "losses_distributed": [
    [
      1,
      2.2792173354287755
    ],
    [
      2,
      2.032178185642944
    ],
    [
      3,
      1.8575327856359993
    ],
    [
      4,
      1.493087472373281
    ],
    [
      5,
      1.2355919294060147
    ],
    [
      6,
      1.812131685014948
    ],
    [
      7,
      0.9481481200881408
    ],
    [
      8,
      1.0757194273391724
    ],
    [
      9,
      1.2330514412065656
    ],
    [
      10,
      1.5040519796572351
    ],
    [
      11,
      1.5914136374640742
    ],
    [
      12,
      1.1728009145523266
    ],
    [
      13,
      1.6083115068137166
    ],
    [
      14,
      1.4258221611192547
    ],
    [
      15,
      2.3152633182750426
    ],
    [
      16,
      0.9693217068721781
    ],
    [
      17,
      1.669839980482283
    ],
    [
      18,
      1.2460660993515016
    ],
    [
      19,
      0.7041834160289783
    ],
    [
      20,
      1.2630004364990937
    ],
    [
      21,
      0.9516836750048738
    ],
    [
      22,
      1.251442461433744
    ],
    [
      23,
      0.5928282549815276
    ],
    [
      24,
      0.9530717569983822
    ],
    [
      25,
      0.9932640697477996
    ],
    [
      26,
      1.007574148664894
    ],
    [
      27,
      0.8988030647733514
    ],
    [
      28,
      1.5484400697743157
    ],
    [
      29,
      0.9214715475877034
    ],
    [
      30,
      1.0176597604472588
    ],
    [
      31,
      1.0602831961318517
    ],
    [
      32,
      1.3848455957845318
    ],
    [
      33,
      0.8524686910524616
    ],
    [
      34,
      1.1488089236408718
    ],
    [
      35,
      0.7858086671275936
    ],
    [
      36,
      0.9163999207935215
    ],
    [
      37,
      0.8477381991768496
    ],
    [
      38,
      1.078143682649671
    ],
    [
      39,
      1.1845808071026012
    ],
    [
      40,
      1.2578209981951145
    ],
    [
      41,
      1.7277622218687003
    ],
    [
      42,
      1.3628363802543626
    ],
    [
      43,
      1.075495896366617
    ],
    [
      44,
      0.7818086804954398
    ],
    [
      45,
      1.4344254057130785
    ],
    [
      46,
      1.4738482524221554
    ],
    [
      47,
      1.4926063235623976
    ],
    [
      48,
      2.9229566648477987
    ],
    [
      49,
      1.1975904992924593
    ],
    [
      50,
      2.293940782431171
    ]
  ],
  "metrics_distributed": [
    [
      1,
      {
        "val_loss": 2.2792173354287755,
        "val_accuracy": 0.3200067238225529
      }
    ],
    [
      2,
      {
        "val_loss": 2.032178185642944,
        "val_accuracy": 0.21187481082263618
      }
    ],
    [
      3,
      {
        "val_loss": 1.8575327856359993,
        "val_accuracy": 0.462350747237938
      }
    ],
    [
      4,
      {
        "val_loss": 1.493087472373281,
        "val_accuracy": 0.47996297923559156
      }
    ],
    [
      5,
      {
        "val_loss": 1.2355919294060147,
        "val_accuracy": 0.5133900585231294
      }
    ],
    [
      6,
      {
        "val_loss": 1.812131685014948,
        "val_accuracy": 0.6438540922555792
      }
    ],
    [
      7,
      {
        "val_loss": 0.9481481200881408,
        "val_accuracy": 0.7042905935163261
      }
    ],
    [
      8,
      {
        "val_loss": 1.0757194273391724,
        "val_accuracy": 0.678461977512993
      }
    ],
    [
      9,
      {
        "val_loss": 1.2330514412065656,
        "val_accuracy": 0.6791603530377865
      }
    ],
    [
      10,
      {
        "val_loss": 1.5040519796572351,
        "val_accuracy": 0.6205184738165819
      }
    ],
    [
      11,
      {
        "val_loss": 1.5914136374640742,
        "val_accuracy": 0.6253697514047596
      }
    ],
    [
      12,
      {
        "val_loss": 1.1728009145523266,
        "val_accuracy": 0.6660627446723087
      }
    ],
    [
      13,
      {
        "val_loss": 1.6083115068137166,
        "val_accuracy": 0.6833873386170801
      }
    ],
    [
      14,
      {
        "val_loss": 1.4258221611192547,
        "val_accuracy": 0.6279481344502728
      }
    ],
    [
      15,
      {
        "val_loss": 2.3152633182750426,
        "val_accuracy": 0.5837238855692732
      }
    ],
    [
      16,
      {
        "val_loss": 0.9693217068721781,
        "val_accuracy": 0.6679341570118476
      }
    ],
    [
      17,
      {
        "val_loss": 1.669839980482283,
        "val_accuracy": 0.6901765438175637
      }
    ],
    [
      18,
      {
        "val_loss": 1.2460660993515016,
        "val_accuracy": 0.718053275399283
      }
    ],
    [
      19,
      {
        "val_loss": 0.7041834160289783,
        "val_accuracy": 0.790230960980932
      }
    ],
    [
      20,
      {
        "val_loss": 1.2630004364990937,
        "val_accuracy": 0.7269849602517148
      }
    ],
    [
      21,
      {
        "val_loss": 0.9516836750048738,
        "val_accuracy": 0.7512450248769322
      }
    ],
    [
      22,
      {
        "val_loss": 1.251442461433744,
        "val_accuracy": 0.7360055059566509
      }
    ],
    [
      23,
      {
        "val_loss": 0.5928282549815276,
        "val_accuracy": 0.7660501619815423
      }
    ],
    [
      24,
      {
        "val_loss": 0.9530717569983822,
        "val_accuracy": 0.7558014689202024
      }
    ],
    [
      25,
      {
        "val_loss": 0.9932640697477996,
        "val_accuracy": 0.7717198682201377
      }
    ],
    [
      26,
      {
        "val_loss": 1.007574148664894,
        "val_accuracy": 0.7188117356430682
      }
    ],
    [
      27,
      {
        "val_loss": 0.8988030647733514,
        "val_accuracy": 0.7485329352984011
      }
    ],
    [
      28,
      {
        "val_loss": 1.5484400697743157,
        "val_accuracy": 0.7747377281318262
      }
    ],
    [
      29,
      {
        "val_loss": 0.9214715475877034,
        "val_accuracy": 0.7127484046525885
      }
    ],
    [
      30,
      {
        "val_loss": 1.0176597604472588,
        "val_accuracy": 0.7580334626310715
      }
    ],
    [
      31,
      {
        "val_loss": 1.0602831961318517,
        "val_accuracy": 0.7546922777186825
      }
    ],
    [
      32,
      {
        "val_loss": 1.3848455957845318,
        "val_accuracy": 0.7389763139072241
      }
    ],
    [
      33,
      {
        "val_loss": 0.8524686910524616,
        "val_accuracy": 0.7715567827933721
      }
    ],
    [
      34,
      {
        "val_loss": 1.1488089236408718,
        "val_accuracy": 0.689306120448083
      }
    ],
    [
      35,
      {
        "val_loss": 0.7858086671275936,
        "val_accuracy": 0.7928561249263403
      }
    ],
    [
      36,
      {
        "val_loss": 0.9163999207935215,
        "val_accuracy": 0.741571613824145
      }
    ],
    [
      37,
      {
        "val_loss": 0.8477381991768496,
        "val_accuracy": 0.784225869130254
      }
    ],
    [
      38,
      {
        "val_loss": 1.078143682649671,
        "val_accuracy": 0.7651657673129952
      }
    ],
    [
      39,
      {
        "val_loss": 1.1845808071026012,
        "val_accuracy": 0.7524584385863791
      }
    ],
    [
      40,
      {
        "val_loss": 1.2578209981951145,
        "val_accuracy": 0.7407185145205152
      }
    ],
    [
      41,
      {
        "val_loss": 1.7277622218687003,
        "val_accuracy": 0.7418610311342438
      }
    ],
    [
      42,
      {
        "val_loss": 1.3628363802543626,
        "val_accuracy": 0.6648847529027735
      }
    ],
    [
      43,
      {
        "val_loss": 1.075495896366617,
        "val_accuracy": 0.7285424556861287
      }
    ],
    [
      44,
      {
        "val_loss": 0.7818086804954398,
        "val_accuracy": 0.7067297371268924
      }
    ],
    [
      45,
      {
        "val_loss": 1.4344254057130785,
        "val_accuracy": 0.6536317962746174
      }
    ],
    [
      46,
      {
        "val_loss": 1.4738482524221554,