{
  "losses_distributed": [
    [
      1,
      2.0108882313317538
    ],
    [
      2,
      0.9447466648968729
    ],
    [
      3,
      0.7134383096414965
    ],
    [
      4,
      0.6353482040066311
    ],
    [
      5,
      0.6292247752479756
    ],
    [
      6,
      0.5851092022214628
    ],
    [
      7,
      0.5598630718493102
    ],
    [
      8,
      0.5397457385331907
    ],
    [
      9,
      0.5333219909208943
    ],
    [
      10,
      0.518074138397717
    ],
    [
      11,
      0.5138517054442627
    ],
    [
      12,
      0.5240516809625699
    ],
    [
      13,
      0.5099363989641258
    ],
    [
      14,
      0.5127236293576588
    ],
    [
      15,
      0.5024438993148214
    ],
    [
      16,
      0.5005142987085516
    ],
    [
      17,
      0.49318275200193257
    ],
    [
      18,
      0.4944032959933587
    ],
    [
      19,
      0.5020286881635503
    ],
    [
      20,
      0.5005403562492048
    ],
    [
      21,
      0.5169500348826989
    ],
    [
      22,
      0.5006672194493983
    ],
    [
      23,
      0.49983736602778805
    ],
    [
      24,
      0.517091661511548
    ],
    [
      25,
      0.5294363090484854
    ],
    [
      26,
      0.5004042874751898
    ],
    [
      27,
      0.48283003394747187
    ],
    [
      28,
      0.5076617357574157
    ],
    [
      29,
      0.4999859307816348
    ],
    [
      30,
      0.5185428985087823
    ],
    [
      31,
      0.5112762659591951
    ],
    [
      32,
      0.504011761023062
    ],
    [
      33,
      0.4929633424692937
    ],
    [
      34,
      0.49574155545722814
    ],
    [
      35,
      0.508180023485676
    ],
    [
      36,
      0.5076786916867291
    ],
    [
      37,
      0.5136235406856409
    ],
    [
      38,
      0.5172688457954343
    ],
    [
      39,
      0.49874478155531043
    ],
    [
      40,
      0.5172138432574541
    ],
    [
      41,
      0.5076880573689694
    ],
    [
      42,
      0.5317416791366066
    ],
    [
      43,
      0.5136968224333658
    ],
    [
      44,
      0.4904584455819598
    ],
    [
      45,
      0.511575858088504
    ],
    [
      46,
      0.5236186907242085
    ],
    [
      47,
      0.5439235195421573
    ],
    [
      48,
      0.5160412414405787
    ],
    [
      49,
      0.5458223691852493
    ],
    [
      50,
      0.48915725804871113
    ]
  ],
  "metrics_distributed": [
    [
      1,
      {
        "val_accuracy": 0.5091832902261301,
        "val_loss": 2.0113773272526787
      }
    ],
    [
      2,
      {
        "val_accuracy": 0.6563025298557158,
        "val_loss": 0.9458009377366986
      }
    ],
    [
      3,
      {
        "val_accuracy": 0.753128540956457,
        "val_loss": 0.7147997668140311
      }
    ],
    [
      4,
      {
        "val_accuracy": 0.7561803318461006,
        "val_loss": 0.6369580249455374
      }
    ],
    [
      5,
      {
        "val_accuracy": 0.7591612031873524,
        "val_loss": 0.630421068800538
      }
    ],
    [
      6,
      {
        "val_accuracy": 0.7767192742700351,
        "val_loss": 0.5868332679087802
      }
    ],
    [
      7,
      {
        "val_accuracy": 0.7782152049506271,
        "val_loss": 0.5611545473902619
      }
    ],
    [
      8,
      {
        "val_accuracy": 0.7928671797265966,
        "val_loss": 0.5411442093408018
      }
    ],
    [
      9,
      {
        "val_accuracy": 0.7902094435670475,
        "val_loss": 0.5345005684413999
      }
    ],
    [
      10,
      {
        "val_accuracy": 0.7986460240787648,
        "val_loss": 0.5192927070345214
      }
    ],
    [
      11,
      {
        "val_accuracy": 0.8044872771169403,
        "val_loss": 0.5149957239223926
      }
    ],
    [
      12,
      {
        "val_accuracy": 0.8065919288279886,
        "val_loss": 0.525045275181564
      }
    ],
    [
      13,
      {
        "val_accuracy": 0.8098753244084804,
        "val_loss": 0.5114129681696836
      }
    ],
    [
      14,
      {
        "val_accuracy": 0.8016001135533047,
        "val_loss": 0.5138191620985091
      }
    ],
    [
      15,
      {
        "val_accuracy": 0.815783654061495,
        "val_loss": 0.5037432305447018
      }
    ],
    [
      16,
      {
        "val_accuracy": 0.8181281450101496,
        "val_loss": 0.5018746145882622
      }
    ],
    [
      17,
      {
        "val_accuracy": 0.8132489539748555,
        "val_loss": 0.49443371679526693
      }
    ],
    [
      18,
      {
        "val_accuracy": 0.8206698491849155,
        "val_loss": 0.4955945440248054
      }
    ],
    [
      19,
      {
        "val_accuracy": 0.8205366874142002,
        "val_loss": 0.5031150864414361
      }
    ],
    [
      20,
      {
        "val_accuracy": 0.825176089891249,
        "val_loss": 0.5017860874290455
      }
    ],
    [
      21,
      {
        "val_accuracy": 0.8232019878418659,
        "val_loss": 0.5180824816489029
      }
    ],
    [
      22,
      {
        "val_accuracy": 0.8236654458233328,
        "val_loss": 0.5018615002620781
      }
    ],
    [
      23,
      {
        "val_accuracy": 0.8242860246701118,
        "val_loss": 0.5011277286906175
      }
    ],
    [
      24,
      {
        "val_accuracy": 0.8277525761157503,
        "val_loss": 0.5184602010140934
      }
    ],
    [
      25,
      {
        "val_accuracy": 0.8267124917252968,
        "val_loss": 0.5304898601816814
      }
    ],
    [
      26,
      {
        "val_accuracy": 0.8305680960447521,
        "val_loss": 0.5017114521485653
      }
    ],
    [
      27,
      {
        "val_accuracy": 0.8286173678259827,
        "val_loss": 0.4838785717276103
      }
    ],
    [
      28,
      {
        "val_accuracy": 0.8272079322337094,
        "val_loss": 0.5085557659550826
      }
    ],
    [
      29,
      {
        "val_accuracy": 0.8281252725155644,
        "val_loss": 0.5010707746820217
      }
    ],
    [
      30,
      {
        "val_accuracy": 0.8277321465998589,
        "val_loss": 0.5195768948528788
      }
    ],
    [
      31,
      {
        "val_accuracy": 0.8371541540454969,
        "val_loss": 0.5124743537670866
      }
    ],
    [
      32,
      {
        "val_accuracy": 0.8240703413048006,
        "val_loss": 0.505430228135315
      }
    ],
    [
      33,
      {
        "val_accuracy": 0.8330311446154732,
        "val_loss": 0.49386456229048853
      }
    ],
    [
      34,
      {
        "val_accuracy": 0.8326788368449615,
        "val_loss": 0.4962132720975864
      }
    ],
    [
      35,
      {
        "val_accuracy": 0.8300996020046201,
        "val_loss": 0.5087137726015262
      }
    ],
    [
      36,
      {
        "val_accuracy": 0.8367312789120037,
        "val_loss": 0.5084809333299599
      }
    ],
    [
      37,
      {
        "val_accuracy": 0.8312247576520001,
        "val_loss": 0.5147149185118484
      }
    ],
    [
      38,
      {
        "val_accuracy": 0.8313434633754092,
        "val_loss": 0.5178766853613054
      }
    ],
    [
      39,
      {
        "val_accuracy": 0.8332056019199794,
        "val_loss": 0.49943369987081176
      }
    ],
    [
      40,
      {
        "val_accuracy": 0.8370402896124981,
        "val_loss": 0.5181171646321452
      }
    ],
    [
      41,
      {
        "val_accuracy": 0.8353255148353244,
        "val_loss": 0.508553604965979
      }
    ],
    [
      42,
      {
        "val_accuracy": 0.8300159792382633,
        "val_loss": 0.5322598636339866
      }
    ],
    [
      43,
      {
        "val_accuracy": 0.838947832795219,
        "val_loss": 0.5145006783377073
      }
    ],
    [
      44,
      {
        "val_accuracy": 0.8400234794332938,
        "val_loss": 0.491236292315516
      }
    ],
    [
      45,
      {
        "val_accuracy": 0.8342986539852616,
        "val_loss": 0.5124757980579158
      }
    ],
    [
      46,
      {
        "val_accuracy": 0.8308583062896912,