{
  "losses_distributed": [
    [
      1,
      1.8843734611182472
    ],
    [
      2,
      1.4893638493153898
    ],
    [
      3,
      1.2840524647055638
    ],
    [
      4,
      1.1348739477106593
    ],
    [
      5,
      1.046594962652869
    ],
    [
      6,
      0.9707211979295286
    ],
    [
      7,
      0.9186124758648218
    ],
    [
      8,
      0.8775188260663223
    ],
    [
      9,
      0.8349322815985197
    ],
    [
      10,
      0.8122044869063841
    ],
    [
      11,
      0.7925853438370803
    ],
    [
      12,
      0.7738822377973916
    ],
    [
      13,
      0.754933438429676
    ],
    [
      14,
      0.7426802903311891
    ],
    [
      15,
      0.72919926660186
    ],
    [
      16,
      0.7250916511865791
    ],
    [
      17,
      0.7167340734201
    ],
    [
      18,
      0.7094431722529297
    ],
    [
      19,
      0.6971250766603311
    ],
    [
      20,
      0.6891266180616187
    ],
    [
      21,
      0.6827515596476179
    ],
    [
      22,
      0.6801098018190574
    ],
    [
      23,
      0.6751876367436158
    ],
    [
      24,
      0.6692289761545213
    ],
    [
      25,
      0.6620542636767952
    ],
    [
      26,
      0.6633345418420649
    ],
    [
      27,
      0.6628263623047193
    ],
    [
      28,
      0.6556828182046688
    ],
    [
      29,
      0.6571973414778403
    ],
    [
      30,
      0.6550323058476261
    ],
    [
      31,
      0.6515165797479441
    ],
    [
      32,
      0.6432407749416693
    ],
    [
      33,
      0.6425736884413954
    ],
    [
      34,
      0.6437044565645956
    ],
    [
      35,
      0.634107782988251
    ],
    [
      36,
      0.6296949536693222
    ],
    [
      37,
      0.6266422373535184
    ],
    [
      38,
      0.6269023528809464
    ],
    [
      39,
      0.6212911241772887
    ],
    [
      40,
      0.6221082286612859
    ],
    [
      41,
      0.6148323494962666
    ],
    [
      42,
      0.6147042557455532
    ],
    [
      43,
      0.6165505272062007
    ],
    [
      44,
      0.6132965609762622
    ],
    [
      45,
      0.6091584450774331
    ],
    [
      46,
      0.6108896122138984
    ],
    [
      47,
      0.6088121510350643
    ],
    [
      48,
      0.6078228459403051
    ],
    [
      49,
      0.6003342426613524
    ],
    [
      50,
      0.6020450521897797
    ]
  ],
 "metrics_distributed": [
  [
    1,
    {
      "val_loss": 1.2840524647055638,
      "val_accuracy": 0.44530534033158375
    }
  ],
  [
    2,
    {
      "val_loss": 1.1348739477106593,
      "val_accuracy": 0.5239523452470216
    }
  ],
  [
    3,
    {
      "val_loss": 1.046594962652869,
      "val_accuracy": 0.5574439723402482
    }
  ],
  [
    4,
    {
      "val_loss": 0.9707211979295286,
      "val_accuracy": 0.580604848787803
    }
  ],
  [
    5,
    {
      "val_loss": 0.9186124758648218,
      "val_accuracy": 0.6030992251937016
    }
  ],
  [
    6,
    {
      "val_loss": 0.8775188260663223,
      "val_accuracy": 0.6238440389902524
    }
  ],
  [
    7,
    {
      "val_loss": 0.8349322815985197,
      "val_accuracy": 0.6500041656252603
    }
  ],
  [
    8,
    {
      "val_loss": 0.8122044869063841,
      "val_accuracy": 0.6650004165625261
    }
  ],
  [
    9,
    {
      "val_loss": 0.7925853438370803,
      "val_accuracy": 0.6741647921352996
    }
  ],
  [
    10,
    {
      "val_loss": 0.7738822377973916,
      "val_accuracy": 0.6836624177289011
    }
  ],
  [
    11,
    {
      "val_loss": 0.754933438429676,
      "val_accuracy": 0.6920769807548113
    }
  ],
  [
    12,
    {
      "val_loss": 0.7426802903311891,
      "val_accuracy": 0.7009081063067566
    }
  ],
  [
    13,
    {
      "val_loss": 0.72919926660186,
      "val_accuracy": 0.7086561692910106
    }
  ],
  [
    14,
    {
      "val_loss": 0.7250916511865791,
      "val_accuracy": 0.7109889194368074
    }
  ],
  [
    15,
    {
      "val_loss": 0.7167340734201,
      "val_accuracy": 0.7184870449054404
    }
  ],
  [
    16,
    {
      "val_loss": 0.7094431722529297,
      "val_accuracy": 0.7218195451137216
    }
  ],
  [
    17,
    {
      "val_loss": 0.6971250766603311,
      "val_accuracy": 0.7272348579521786
    }
  ],
  [
    18,
    {
      "val_loss": 0.6891266180616187,
      "val_accuracy": 0.7319003582437724
    }
  ],
  [
    19,
    {
      "val_loss": 0.6827515596476179,
      "val_accuracy": 0.7351495459468467
    }
  ],
  [
    20,
    {
      "val_loss": 0.6801098018190574,
      "val_accuracy": 0.736065983504124
    }
  ],
  [
    21,
    {
      "val_loss": 0.6751876367436158,
      "val_accuracy": 0.7370657335666083
    }
  ],
  [
    22,
    {
      "val_loss": 0.6620542636767952,
      "val_accuracy": 0.7438140464883779
    }
  ],
  [
    23,
    {
      "val_loss": 0.6628263623047193,
      "val_accuracy": 0.7418978588686161
    }
  ],
  [
    24,
    {
      "val_loss": 0.6556828182046688,
      "val_accuracy": 0.7437307339831709
    }
  ],
  [
    25,
    {
      "val_loss": 0.6571973414778403,
      "val_accuracy": 0.7433141714571357
    }
  ],
  [
    26,
    {
      "val_loss": 0.6550323058476261,
      "val_accuracy": 0.7447304840456552
    }
  ],
  [
    27,
    {
      "val_loss": 0.6515165797479441,
      "val_accuracy": 0.7462301091393818
    }
  ],
  [
    28,
    {
      "val_loss": 0.6432407749416693,
      "val_accuracy": 0.7503124218945264
    }
  ],
  [
    29,
    {
      "val_loss": 0.6425736884413954,
      "val_accuracy": 0.7508122969257686
    }
  ],
  [
    30,
    {
      "val_loss": 0.6437044565645956,
      "val_accuracy": 0.7496459218528702
    }
  ],
  [
    31,
    {
      "val_loss": 0.634107782988251,
      "val_accuracy": 0.7550612346913271
    }
  ],
  [
    32,
    {
      "val_loss": 0.6296949536693222,
      "val_accuracy": 0.7587269849204366
    }
  ],
  [
    33,
    {
      "val_loss": 0.6266422373535184,
      "val_accuracy": 0.7584770474048155
    }
  ],
  [
    34,
    {
      "val_loss": 0.6269023528809464,
      "val_accuracy": 0.7578105473631592
    }
  ],
  [
    35,
    {
      "val_loss": 0.6221082286612859,
      "val_accuracy": 0.7619761726235108
    }
  ],
  [
    36,
    {
      "val_loss": 0.6148323494962666,
      "val_accuracy": 0.7640589852536865
    }
  ],
  [
    37,
    {
      "val_loss": 0.6147042557455532,
      "val_accuracy": 0.7657252353578272
    }
  ],
  [
    38,
    {
      "val_loss": 0.6165505272062007,
      "val_accuracy": 0.7655586103474131
    }
  ],
  [
    39,
    {
      "val_loss": 0.6132965609762622,
      "val_accuracy": 0.7668082979255186
    }
  ],
  [
    40,
    {
      "val_loss": 0.6091584450774331,
      "val_accuracy": 0.7694742980921436
    }
  ],
  [
    41,
    {
      "val_loss": 0.6108896122138984,
      "val_accuracy": 0.7702241106390069
    }
  ],
  [
    42,
    {
      "val_loss": 0.6088121510350643,
      "val_accuracy": 0.7708072981754561
    }
  ],
  [
    43,
    {
      "val_loss": 0.6003342426613524,
      "val_accuracy": 0.7743064233941515
    }
  ],
  [
    44,
    {
      "val_loss": 0.5920450521897797,
      "val_accuracy": 0.7744730484045655
    }
  ],
  [
    45,
    {
      "val_loss": 0.5870065482979278,
      "val_accuracy": 0.780613507542611
    }
  ],
  [
    46,
    {
      "val_loss": 0.5878477496476179,
      "val_accuracy": 0.7954643359468467
    }
  ],
  [
    47,
    {
      "val_loss": 0.5869950054321048,
      "val_accuracy": 0.790120032876521
    }
  ],
  [
    48,
    {
      "val_loss": 0.5861450527205678,
      "val_accuracy": 0.8025029233092863
    }
  ],
  [
    49,
    {
      "val_loss": 0.5861432100005679,
      "val_accuracy": 0.8091529233092156
    }
  ],
  [
    50,
    {
      "val_loss": 0.5790000012345698,
      "val_accuracy": 0.810210905508271
    }
  ]
],

  "metrics_distributed_fit": [
    [
      1,
      {
        "train_loss": 1.0960693947851519,