{
  "losses_distributed": [
    [
      1,
      2.279389997181611
    ],
    [
      2,
      1.9350590470301434
    ],
    [
      3,
      1.9688754381625433
    ],
    [
      4,
      1.8164547530928037
    ],
    [
      5,
      1.9408765145394142
    ],
    [
      6,
      1.0886145516620696
    ],
    [
      7,
      1.4900466910685344
    ],
    [
      8,
      0.7952804285638077
    ],
    [
      9,
      0.8603688168664103
    ],
    [
      10,
      1.4553100288281768
    ],
    [
      11,
      1.07404141126253
    ],
    [
      12,
      1.098055608149666
    ],
    [
      13,
      1.541115411376975
    ],
    [
      14,
      1.1031326906217898
    ],
    [
      15,
      0.9130032551157179
    ],
    [
      16,
      0.6921812779931046
    ],
    [
      17,
      0.968246797484588
    ],
    [
      18,
      0.8108501039282078
    ],
    [
      19,
      0.6845715108955874
    ],
    [
      20,
      1.4720130122617097
    ],
    [
      21,
      1.235527738086287
    ],
    [
      22,
      1.623607143238539
    ],
    [
      23,
      2.055443963832835
    ],
    [
      24,
      0.6192775796522599
    ],
    [
      25,
      0.7021302738604649
    ],
    [
      26,
      1.2936930107380913
    ],
    [
      27,
      1.211875350765994
    ],
    [
      28,
      0.6188379111966382
    ],
    [
      29,
      1.1663471472551614
    ],
    [
      30,
      1.5604734661463693
    ],
    [
      31,
      0.9170759871728525
    ],
    [
      32,
      0.9567005755597199
    ],
    [
      33,
      1.278404741673002
    ],
    [
      34,
      1.5073966636940341
    ],
    [
      35,
      0.9461776626720475
    ],
    [
      36,
      0.7936798787680744
    ],
    [
      37,
      0.6767271981164005
    ],
    [
      38,
      1.0632577818314473
    ],
    [
      39,
      1.1620385909737811
    ],
    [
      40,
      1.0981330023759173
    ],
    [
      41,
      1.3847824528696493
    ],
    [
      42,
      0.7315896914984148
    ],
    [
      43,
      0.9071655431316479
    ],
    [
      44,
      1.0025401120887332
    ],
    [
      45,
      1.0725209286619226
    ],
    [
      46,
      1.311590003123313
    ],
    [
      47,
      1.2455064049702718
    ],
    [
      48,
      1.2924363881604912
    ],
    [
      49,
      1.4973018495922588
    ],
    [
      50,
      1.4283901418966904
    ]
  ],
  "metrics_distributed": [
    [
      1,
      {
        "val_loss": 2.279389997181611,
        "val_accuracy": 0.0994751312171957
      }
    ],
    [
      2,
      {
        "val_loss": 1.9350590470301434,
        "val_accuracy": 0.406315087894693
      }
    ],
    [
      3,
      {
        "val_loss": 1.9688754381625433,
        "val_accuracy": 0.5055402815962676
      }
    ],
    [
      4,
      {
        "val_loss": 1.8164547530928037,
        "val_accuracy": 0.5257019078563693
      }
    ],
    [
      5,
      {
        "val_loss": 1.9408765145394142,
        "val_accuracy": 0.45555277847204867
      }
    ],
    [
      6,
      {
        "val_loss": 1.0886145516620696,
        "val_accuracy": 0.5643589102724319
      }
    ],
    [
      7,
      {
        "val_loss": 1.4900466910685344,
        "val_accuracy": 0.5787719736732484
      }
    ],
    [
      8,
      {
        "val_loss": 0.7952804285638077,
        "val_accuracy": 0.6814129800883113
      }
    ],
    [
      9,
      {
        "val_loss": 0.8603688168664103,
        "val_accuracy": 0.7090727318170458
      }
    ],
    [
      10,
      {
        "val_loss": 1.4553100288281768,
        "val_accuracy": 0.6821627926351745
      }
    ],
    [
      11,
      {
        "val_loss": 1.07404141126253,
        "val_accuracy": 0.6803299175206199
      }
    ],
    [
      12,
      {
        "val_loss": 1.098055608149666,
        "val_accuracy": 0.7579771723735733
      }
    ],
    [
      13,
      {
        "val_loss": 1.541115411376975,
        "val_accuracy": 0.7378988586186787
      }
    ],
    [
      14,
      {
        "val_loss": 1.1031326906217898,
        "val_accuracy": 0.6338415396150963
      }
    ],
    [
      15,
      {
        "val_loss": 0.9130032551157179,
        "val_accuracy": 0.7075731067233192
      }
    ],
    [
      16,
      {
        "val_loss": 0.6921812779931046,
        "val_accuracy": 0.7827209864200616
      }
    ],
    [
      17,
      {
        "val_loss": 0.968246797484588,
        "val_accuracy": 0.6797467299841706
      }
    ],
    [
      18,
      {
        "val_loss": 0.8108501039282078,
        "val_accuracy": 0.7764725485295343
      }
    ],
    [
      19,
      {
        "val_loss": 0.6845715108955874,
        "val_accuracy": 0.7640589852536865
      }
    ],
    [
      20,
      {
        "val_loss": 1.4720130122617097,
        "val_accuracy": 0.7016579188536199
      }
    ],
    [
      21,
      {
        "val_loss": 1.235527738086287,
        "val_accuracy": 0.6554194784637174
      }
    ],
    [
      22,
      {
        "val_loss": 1.623607143238539,
        "val_accuracy": 0.6752478547029909
      }
    ],
    [
      23,
      {
        "val_loss": 2.055443963832835,
        "val_accuracy": 0.6736649171040573
      }
    ],
    [
      24,
      {
        "val_loss": 0.6192775796522599,
        "val_accuracy": 0.804798800299925
      }
    ],
    [
      25,
      {
        "val_loss": 0.7021302738604649,
        "val_accuracy": 0.8184620511538782
      }
    ],
    [
      26,
      {
        "val_loss": 1.2936930107380913,
        "val_accuracy": 0.7495626093476631
      }
    ],
    [
      27,
      {
        "val_loss": 1.211875350765994,
        "val_accuracy": 0.7563942347746396
      }
    ],
    [
      28,
      {
        "val_loss": 0.6188379111966382,
        "val_accuracy": 0.7954677997167375
      }
    ],
    [
      29,
      {
        "val_loss": 1.1663471472551614,
        "val_accuracy": 0.6715821044738816
      }
    ],
    [
      30,
      {
        "val_loss": 1.5604734661463693,
        "val_accuracy": 0.678247104890444
      }
    ],
    [
      31,
      {
        "val_loss": 0.9170759871728525,
        "val_accuracy": 0.7900524868782804
      }
    ],
    [
      32,
      {
        "val_loss": 0.9567005755597199,
        "val_accuracy": 0.7928851120553195
      }
    ],
    [
      33,
      {
        "val_loss": 1.278404741673002,
        "val_accuracy": 0.7508956094309756
      }
    ],
    [
      34,
      {
        "val_loss": 1.5073966636940341,
        "val_accuracy": 0.6880779805048738
      }
    ],
    [
      35,
      {
        "val_loss": 0.9461776626720475,
        "val_accuracy": 0.7963842372740149
      }
    ],
    [
      36,
      {
        "val_loss": 0.7936798787680744,
        "val_accuracy": 0.8002166125135383
      }
    ],
    [
      37,
      {
        "val_loss": 0.6767271981164005,
        "val_accuracy": 0.7973839873364992
      }
    ],
    [
      38,
      {
        "val_loss": 1.0632577818314473,
        "val_accuracy": 0.7638923602432726
      }
    ],
    [
      39,
      {
        "val_loss": 1.1620385909737811,
        "val_accuracy": 0.6772473548279597
      }
    ],
    [
      40,
      {
        "val_loss": 1.0981330023759173,
        "val_accuracy": 0.7938848621178038
      }
    ],
    [
      41,
      {
        "val_loss": 1.3847824528696493,
        "val_accuracy": 0.7608931100558194
      }
    ],
    [
      42,
      {
        "val_loss": 0.7315896914984148,
        "val_accuracy": 0.7575606098475381
      }
    ],
    [
      43,
      {
        "val_loss": 0.9071655431316479,
        "val_accuracy": 0.7963009247688078
      }
    ],
    [
      44,
      {
        "val_loss": 1.0025401120887332,
        "val_accuracy": 0.8008831125551945
      }
    ],
    [
      45,
      {
        "val_loss": 1.0725209286619226,
        "val_accuracy": 0.791635424477214
      }
    ],
    [
      46,
      {
        "val_loss": 1.311590003123313,